2026-05-27 00:10:03,764 INFO piper online — A=120s B=1800s C=3600s (dry=False)
2026-05-27 00:10:03,777 INFO loop_a: clean (or transient — attention=1, stale_hb_new=0)
2026-05-27 00:10:03,785 INFO loop_b observation: Memory hygiene: • memory: index 27,829 bytes (over 24KB) • memory: 41 index entries >200 chars • memory: 20 dead [[backlinks]] • memory: 13 files missing from index
2026-05-27 00:10:03,789 INFO loop_c: no new messages to tag
2026-05-27 00:12:04,824 INFO loop_a observation: 1 unresolved attention items.
2026-05-27 00:14:06,133 INFO loop_a observation: 1 unresolved attention items.
2026-05-27 00:16:07,075 INFO loop_a observation: 1 unresolved attention items.
2026-05-27 00:18:08,098 INFO loop_a observation: 1 unresolved attention items.
2026-05-27 00:20:09,567 INFO loop_a observation: 1 unresolved attention items.
2026-05-27 00:22:10,581 INFO loop_a observation: 1 unresolved attention items.
2026-05-27 00:24:11,793 INFO loop_a observation: 1 unresolved attention items.
2026-05-27 00:26:13,575 INFO loop_a observation: 1 unresolved attention items.
2026-05-27 00:28:15,539 INFO loop_a observation: 1 unresolved attention items.
2026-05-27 00:30:17,927 INFO loop_a observation: 1 unresolved attention items.
2026-05-27 00:32:18,757 INFO loop_a observation: 1 unresolved attention items.
2026-05-27 00:34:19,864 INFO loop_a observation: 1 unresolved attention items.
2026-05-27 00:36:21,061 INFO loop_a observation: 1 unresolved attention items.
2026-05-27 00:38:22,338 INFO loop_a observation: 1 unresolved attention items.
2026-05-27 00:40:08,471 INFO loop_b observation: Memory hygiene: • memory: index 27,829 bytes (over 24KB) • memory: 41 index entries >200 chars • memory: 20 dead [[backlinks]] • memory: 13 files missing from index
2026-05-27 00:40:23,642 INFO loop_a observation: 1 unresolved attention items.
2026-05-27 00:42:24,607 INFO loop_a observation: 1 unresolved attention items.
2026-05-27 00:45:18,466 INFO loop_a observation: 1 unresolved attention items.
2026-05-27 00:47:35,346 INFO loop_a observation: 1 unresolved attention items.
2026-05-27 00:49:47,322 INFO loop_a observation: 1 unresolved attention items.
2026-05-27 00:52:02,937 INFO loop_a observation: 1 unresolved attention items.
2026-05-27 00:58:44,240 INFO loop_a observation: 1 unresolved attention items.
2026-05-27 01:02:24,345 INFO loop_a observation: 1 unresolved attention items.
2026-05-27 01:12:43,083 INFO loop_a observation: 1 unresolved attention items.
2026-05-27 01:15:28,765 INFO loop_a observation: 1 unresolved attention items.
2026-05-27 01:26:32,082 INFO loop_a observation: 1 unresolved attention items.
2026-05-27 01:28:43,938 INFO loop_a observation: 1 unresolved attention items.
2026-05-27 01:31:09,246 INFO loop_a observation: 1 unresolved attention items.
2026-05-27 01:34:52,637 INFO loop_a observation: 1 unresolved attention items.
2026-05-27 01:37:06,789 INFO loop_a observation: 1 unresolved attention items.
2026-05-27 01:38:24,531 INFO loop_c observation: Curation pass tagged 3 msgs. kira: 3/3 good.
2026-05-27 01:38:29,704 INFO loop_b observation: Memory hygiene: • memory: index 27,829 bytes (over 24KB) • memory: 41 index entries >200 chars • memory: 20 dead [[backlinks]] • memory: 14 files missing from index
2026-05-27 01:44:04,028 INFO loop_a observation: 1 unresolved attention items.
2026-05-27 01:46:34,569 INFO loop_a observation: 1 unresolved attention items.
2026-05-27 02:02:30,640 INFO loop_a observation: 1 unresolved attention items.
2026-05-27 02:13:06,843 INFO loop_a observation: 1 unresolved attention items.
2026-05-27 02:15:31,357 INFO loop_a observation: 1 unresolved attention items.
2026-05-27 02:29:02,898 INFO loop_a observation: 1 unresolved attention items.
2026-05-27 02:31:23,242 INFO loop_a observation: 1 unresolved attention items.
2026-05-27 02:33:36,491 INFO loop_a observation: 1 unresolved attention items.
2026-05-27 02:41:28,689 INFO loop_a observation: 1 unresolved attention items.
2026-05-27 02:45:37,236 INFO loop_a observation: 1 unresolved attention items.
2026-05-27 02:58:18,854 INFO loop_a observation: 1 unresolved attention items.
2026-05-27 03:00:33,382 INFO loop_a observation: 1 unresolved attention items.
2026-05-27 03:08:52,269 INFO loop_a observation: 1 unresolved attention items.
2026-05-27 03:25:02,760 INFO loop_a observation: 1 unresolved attention items.
2026-05-27 03:36:04,952 INFO loop_a observation: 1 unresolved attention items.
2026-05-27 03:36:35,645 INFO loop_b observation: Memory hygiene: • memory: index 27,829 bytes (over 24KB) • memory: 41 index entries >200 chars • memory: 20 dead [[backlinks]] • memory: 14 files missing from index
2026-05-27 03:38:17,245 INFO loop_a observation: 1 unresolved attention items.
2026-05-27 03:40:24,307 INFO loop_a observation: 1 unresolved attention items.
2026-05-27 03:53:23,125 INFO loop_a observation: 1 unresolved attention items.
2026-05-27 04:25:49,245 INFO loop_a observation: 1 unresolved attention items.
2026-05-27 04:27:56,497 INFO loop_a observation: 1 unresolved attention items.
2026-05-27 04:30:10,974 INFO loop_a observation: 1 unresolved attention items.
2026-05-27 05:04:55,608 INFO loop_a observation: 1 unresolved attention items.
2026-05-27 05:24:09,739 INFO loop_a observation: 1 unresolved attention items.
2026-05-27 05:26:16,437 INFO loop_a observation: 1 unresolved attention items.
2026-05-27 05:28:29,244 INFO loop_a observation: 1 unresolved attention items.
2026-05-27 05:46:34,122 INFO loop_a observation: 1 unresolved attention items.
2026-05-27 05:48:46,438 INFO loop_a observation: 1 unresolved attention items.
2026-05-27 06:01:31,701 INFO loop_a observation: 1 unresolved attention items.
2026-05-27 06:03:53,205 INFO loop_a observation: 1 unresolved attention items.
2026-05-27 06:22:39,410 INFO loop_c: no new messages to tag
2026-05-27 06:22:44,506 INFO loop_b observation: Memory hygiene: • memory: index 27,829 bytes (over 24KB) • memory: 41 index entries >200 chars • memory: 20 dead [[backlinks]] • memory: 14 files missing from index
2026-05-27 06:22:54,730 INFO loop_a observation: 1 unresolved attention items.
2026-05-27 06:31:06,281 INFO loop_a observation: 1 unresolved attention items.
2026-05-27 06:36:42,777 INFO loop_a observation: 1 unresolved attention items.
2026-05-27 06:39:13,496 INFO loop_a observation: 1 unresolved attention items.
2026-05-27 06:50:46,524 INFO loop_a observation: 1 unresolved attention items.
2026-05-27 06:52:48,822 INFO loop_a observation: 1 unresolved attention items.
2026-05-27 06:54:51,412 INFO loop_a observation: 1 unresolved attention items.
2026-05-27 06:56:54,231 INFO loop_a observation: 1 unresolved attention items.
2026-05-27 06:58:56,714 INFO loop_a observation: 1 unresolved attention items.
2026-05-27 07:00:59,187 INFO loop_a observation: 1 unresolved attention items.
2026-05-27 07:03:01,723 INFO loop_a observation: 1 unresolved attention items.
2026-05-27 07:05:04,411 INFO loop_a observation: 1 unresolved attention items.
2026-05-27 07:07:07,136 INFO loop_a observation: 1 unresolved attention items.
2026-05-27 07:09:09,186 INFO loop_a observation: 1 unresolved attention items.
2026-05-27 07:11:11,570 INFO loop_a observation: 1 unresolved attention items.
2026-05-27 07:12:28,229 INFO loop_b observation: Memory hygiene: • memory: index 27,829 bytes (over 24KB) • memory: 41 index entries >200 chars • memory: 20 dead [[backlinks]] • memory: 14 files missing from index
2026-05-27 07:13:14,109 INFO loop_a observation: 1 unresolved attention items.
2026-05-27 07:15:16,958 INFO loop_a observation: 1 unresolved attention items.
2026-05-27 07:17:19,409 INFO loop_a observation: 1 unresolved attention items.
2026-05-27 07:19:21,995 INFO loop_a observation: 1 unresolved attention items.
2026-05-27 07:21:24,771 INFO loop_a observation: 1 unresolved attention items.
2026-05-27 07:23:27,152 INFO loop_a observation: 1 unresolved attention items.
2026-05-27 07:25:29,449 INFO loop_a observation: 1 unresolved attention items.
2026-05-27 07:27:32,301 INFO loop_a observation: 1 unresolved attention items.
2026-05-27 07:29:34,749 INFO loop_a observation: 1 unresolved attention items.
2026-05-27 07:31:37,214 INFO loop_a observation: 1 unresolved attention items.
2026-05-27 07:33:40,058 INFO loop_a observation: 1 unresolved attention items.
2026-05-27 07:35:42,576 INFO loop_a observation: 1 unresolved attention items.
2026-05-27 07:37:44,418 INFO loop_a observation: 1 unresolved attention items.
2026-05-27 07:39:47,059 INFO loop_a observation: 1 unresolved attention items.
2026-05-27 07:41:49,690 INFO loop_a observation: 1 unresolved attention items.
2026-05-27 07:42:20,367 INFO loop_c: no new messages to tag
2026-05-27 07:42:30,651 INFO loop_b observation: Memory hygiene: • memory: index 27,829 bytes (over 24KB) • memory: 41 index entries >200 chars • memory: 20 dead [[backlinks]] • memory: 14 files missing from index
2026-05-27 07:43:52,532 INFO loop_a observation: 1 unresolved attention items.
2026-05-27 07:45:55,226 INFO loop_a observation: 1 unresolved attention items.
2026-05-27 07:47:57,788 INFO loop_a observation: 1 unresolved attention items.
2026-05-27 07:50:00,000 INFO loop_a observation: 1 unresolved attention items.
2026-05-27 07:52:02,773 INFO loop_a observation: 1 unresolved attention items.
2026-05-27 07:54:05,511 INFO loop_a observation: 1 unresolved attention items.
2026-05-27 07:56:08,210 INFO loop_a observation: 1 unresolved attention items.
2026-05-27 07:58:11,137 INFO loop_a observation: 1 unresolved attention items.
2026-05-27 08:00:13,934 INFO loop_a observation: 1 unresolved attention items.
2026-05-27 08:02:16,347 INFO loop_a observation: 1 unresolved attention items.
2026-05-27 08:04:19,089 INFO loop_a observation: 1 unresolved attention items.
2026-05-27 08:06:21,296 INFO loop_a observation: 1 unresolved attention items.
2026-05-27 08:08:24,151 INFO loop_a observation: 1 unresolved attention items.
2026-05-27 08:10:26,967 INFO loop_a observation: 1 unresolved attention items.
2026-05-27 08:12:29,638 INFO loop_a observation: 1 unresolved attention items.
2026-05-27 08:12:34,802 INFO loop_b observation: Memory hygiene: • memory: index 27,829 bytes (over 24KB) • memory: 41 index entries >200 chars • memory: 20 dead [[backlinks]] • memory: 14 files missing from index
2026-05-27 08:14:32,576 INFO loop_a observation: 1 unresolved attention items.
2026-05-27 08:16:35,670 INFO loop_a observation: 1 unresolved attention items.
2026-05-27 08:18:38,791 INFO loop_a observation: 1 unresolved attention items.
2026-05-27 08:20:41,342 INFO loop_a observation: 1 unresolved attention items.
2026-05-27 08:22:44,066 INFO loop_a observation: 1 unresolved attention items.
2026-05-27 08:37:36,173 INFO loop_a observation: 1 unresolved attention items.
2026-05-27 08:39:51,016 INFO loop_a observation: 1 unresolved attention items.
2026-05-27 08:41:52,383 INFO loop_a: clean (or transient — attention=0, stale_hb_new=0)
2026-05-27 08:43:53,511 INFO loop_a: clean (or transient — attention=0, stale_hb_new=0)
2026-05-27 08:45:54,677 INFO loop_a: clean (or transient — attention=0, stale_hb_new=0)
2026-05-27 08:47:56,040 INFO loop_a: clean (or transient — attention=0, stale_hb_new=0)
2026-05-27 08:49:57,180 INFO loop_a: clean (or transient — attention=0, stale_hb_new=0)
2026-05-27 08:51:58,448 INFO loop_a: clean (or transient — attention=0, stale_hb_new=0)
2026-05-27 08:53:59,573 INFO loop_a: clean (or transient — attention=0, stale_hb_new=0)
2026-05-27 08:55:25,512 INFO loop_c: no new messages to tag
2026-05-27 08:55:40,642 INFO loop_b observation: Memory hygiene: • memory: index 28,147 bytes (over 24KB) • memory: 42 index entries >200 chars • memory: 20 dead [[backlinks]] • memory: 14 files missing from index
2026-05-27 08:56:00,872 INFO loop_a: clean (or transient — attention=0, stale_hb_new=0)
2026-05-27 08:58:02,009 INFO loop_a: clean (or transient — attention=0, stale_hb_new=0)
2026-05-27 09:00:03,246 INFO loop_a: clean (or transient — attention=0, stale_hb_new=0)
2026-05-27 09:02:04,390 INFO loop_a: clean (or transient — attention=0, stale_hb_new=0)
2026-05-27 09:04:05,856 INFO loop_a: clean (or transient — attention=0, stale_hb_new=0)
2026-05-27 09:06:07,149 INFO loop_a: clean (or transient — attention=0, stale_hb_new=0)
2026-05-27 09:08:08,281 INFO loop_a: clean (or transient — attention=0, stale_hb_new=0)
2026-05-27 09:10:09,400 INFO loop_a: clean (or transient — attention=0, stale_hb_new=0)
2026-05-27 09:12:10,615 INFO loop_a: clean (or transient — attention=0, stale_hb_new=0)
2026-05-27 09:14:11,974 INFO loop_a: clean (or transient — attention=0, stale_hb_new=0)
2026-05-27 09:16:13,168 INFO loop_a: clean (or transient — attention=0, stale_hb_new=0)
2026-05-27 09:18:14,783 INFO loop_a: clean (or transient — attention=0, stale_hb_new=0)
2026-05-27 09:20:17,333 INFO loop_a: clean (or transient — attention=0, stale_hb_new=0)
2026-05-27 09:22:19,859 INFO loop_a: clean (or transient — attention=0, stale_hb_new=0)
2026-05-27 09:24:22,557 INFO loop_a: clean (or transient — attention=0, stale_hb_new=0)
2026-05-27 09:25:44,265 INFO loop_b observation: Memory hygiene: • memory: index 28,147 bytes (over 24KB) • memory: 42 index entries >200 chars • memory: 20 dead [[backlinks]] • memory: 14 files missing from index
2026-05-27 09:26:25,016 INFO loop_a: clean (or transient — attention=0, stale_hb_new=0)
2026-05-27 09:28:27,168 INFO loop_a: clean (or transient — attention=0, stale_hb_new=0)
2026-05-27 09:30:29,631 INFO loop_a: clean (or transient — attention=0, stale_hb_new=0)
2026-05-27 09:32:32,030 INFO loop_a: clean (or transient — attention=0, stale_hb_new=0)
2026-05-27 09:34:34,729 INFO loop_a: clean (or transient — attention=0, stale_hb_new=0)
2026-05-27 09:36:37,291 INFO loop_a: clean (or transient — attention=0, stale_hb_new=0)
2026-05-27 09:38:39,787 INFO loop_a: clean (or transient — attention=0, stale_hb_new=0)
2026-05-27 09:40:42,312 INFO loop_a: clean (or transient — attention=0, stale_hb_new=0)
2026-05-27 09:42:44,565 INFO loop_a: clean (or transient — attention=0, stale_hb_new=0)
2026-05-27 09:44:47,049 INFO loop_a: clean (or transient — attention=0, stale_hb_new=0)
2026-05-27 09:46:49,310 INFO loop_a: clean (or transient — attention=0, stale_hb_new=0)
2026-05-27 09:48:51,907 INFO loop_a: clean (or transient — attention=0, stale_hb_new=0)
2026-05-27 09:50:54,281 INFO loop_a: clean (or transient — attention=0, stale_hb_new=0)
2026-05-27 09:52:56,791 INFO loop_a: clean (or transient — attention=0, stale_hb_new=0)
2026-05-27 09:54:59,265 INFO loop_a: clean (or transient — attention=0, stale_hb_new=0)
2026-05-27 09:55:29,759 INFO loop_c observation: Curation pass tagged 2 msgs. ada: 1/2 good.
2026-05-27 09:55:45,076 INFO loop_b observation: Memory hygiene: • memory: 20 dead [[backlinks]] • memory: 15 files missing from index
2026-05-27 09:57:01,442 INFO loop_a: clean (or transient — attention=0, stale_hb_new=0)
2026-05-27 09:59:03,890 INFO loop_a: clean (or transient — attention=0, stale_hb_new=0)
2026-05-27 10:01:06,196 INFO loop_a: clean (or transient — attention=0, stale_hb_new=0)
2026-05-27 10:03:08,727 INFO loop_a: clean (or transient — attention=0, stale_hb_new=0)
2026-05-27 10:05:11,301 INFO loop_a: clean (or transient — attention=0, stale_hb_new=0)
2026-05-27 10:07:13,966 INFO loop_a: clean (or transient — attention=0, stale_hb_new=0)
2026-05-27 10:09:16,460 INFO loop_a: clean (or transient — attention=0, stale_hb_new=0)
2026-05-27 10:11:18,797 INFO loop_a: clean (or transient — attention=0, stale_hb_new=0)
2026-05-27 10:13:21,605 INFO loop_a: clean (or transient — attention=0, stale_hb_new=0)
2026-05-27 10:15:24,367 INFO loop_a: clean (or transient — attention=0, stale_hb_new=0)
2026-05-27 10:17:26,797 INFO loop_a: clean (or transient — attention=0, stale_hb_new=0)
2026-05-27 10:19:29,246 INFO loop_a: clean (or transient — attention=0, stale_hb_new=0)
2026-05-27 10:21:31,692 INFO loop_a: clean (or transient — attention=0, stale_hb_new=0)
2026-05-27 10:23:34,418 INFO loop_a: clean (or transient — attention=0, stale_hb_new=0)
2026-05-27 10:25:37,233 INFO loop_a: clean (or transient — attention=0, stale_hb_new=0)
2026-05-27 10:25:47,548 INFO loop_b observation: Memory hygiene: • memory: 20 dead [[backlinks]] • memory: 15 files missing from index
2026-05-27 10:27:40,133 INFO loop_a: clean (or transient — attention=0, stale_hb_new=0)
2026-05-27 10:29:42,435 INFO loop_a: clean (or transient — attention=0, stale_hb_new=0)
2026-05-27 10:31:43,742 INFO loop_a: clean (or transient — attention=0, stale_hb_new=0)
2026-05-27 10:33:44,782 INFO loop_a: clean (or transient — attention=0, stale_hb_new=0)
2026-05-27 10:35:46,027 INFO loop_a: clean (or transient — attention=0, stale_hb_new=0)
2026-05-27 10:37:47,012 INFO loop_a: clean (or transient — attention=0, stale_hb_new=0)
2026-05-27 10:39:48,207 INFO loop_a: clean (or transient — attention=0, stale_hb_new=0)
2026-05-27 10:41:49,434 INFO loop_a: clean (or transient — attention=0, stale_hb_new=0)
2026-05-27 10:43:50,872 INFO loop_a: clean (or transient — attention=0, stale_hb_new=0)
2026-05-27 10:45:52,167 INFO loop_a: clean (or transient — attention=0, stale_hb_new=0)
2026-05-27 10:47:53,578 INFO loop_a: clean (or transient — attention=0, stale_hb_new=0)
2026-05-27 10:49:54,926 INFO loop_a: clean (or transient — attention=0, stale_hb_new=0)
2026-05-27 10:51:56,283 INFO loop_a: clean (or transient — attention=0, stale_hb_new=0)
2026-05-27 10:53:57,586 INFO loop_a: clean (or transient — attention=0, stale_hb_new=0)
2026-05-27 10:55:33,488 INFO loop_c: no new messages to tag
2026-05-27 10:55:48,701 INFO loop_b observation: Memory hygiene: • memory: index 24,641 bytes (over 24KB) • memory: 1 index entries >200 chars • memory: 20 dead [[backlinks]] • memory: 15 files missing from index
2026-05-27 10:55:58,841 INFO loop_a: clean (or transient — attention=0, stale_hb_new=0)
2026-05-27 10:58:00,341 INFO loop_a: clean (or transient — attention=0, stale_hb_new=0)
2026-05-27 11:00:01,453 INFO loop_a: clean (or transient — attention=0, stale_hb_new=0)
2026-05-27 11:02:02,716 INFO loop_a: clean (or transient — attention=0, stale_hb_new=0)
2026-05-27 11:04:03,906 INFO loop_a: clean (or transient — attention=0, stale_hb_new=0)
2026-05-27 11:06:05,149 INFO loop_a: clean (or transient — attention=0, stale_hb_new=0)
2026-05-27 11:08:06,585 INFO loop_a: clean (or transient — attention=0, stale_hb_new=0)
2026-05-27 11:10:08,445 INFO loop_a: clean (or transient — attention=0, stale_hb_new=0)
2026-05-27 11:12:10,117 INFO loop_a: clean (or transient — attention=0, stale_hb_new=0)
2026-05-27 11:14:11,452 INFO loop_a: clean (or transient — attention=0, stale_hb_new=0)
2026-05-27 11:16:12,687 INFO loop_a: clean (or transient — attention=0, stale_hb_new=0)
2026-05-27 11:18:14,997 INFO loop_a: clean (or transient — attention=0, stale_hb_new=0)
2026-05-27 11:20:17,678 INFO loop_a: clean (or transient — attention=0, stale_hb_new=0)
2026-05-27 11:22:20,435 INFO loop_a: clean (or transient — attention=0, stale_hb_new=0)
2026-05-27 11:24:22,718 INFO loop_a: clean (or transient — attention=0, stale_hb_new=0)
2026-05-27 11:25:49,611 INFO loop_b observation: Memory hygiene: • memory: index 24,641 bytes (over 24KB) • memory: 1 index entries >200 chars • memory: 20 dead [[backlinks]] • memory: 15 files missing from index
2026-05-27 11:26:25,543 INFO loop_a: clean (or transient — attention=0, stale_hb_new=0)
2026-05-27 11:28:28,375 INFO loop_a: clean (or transient — attention=0, stale_hb_new=0)
2026-05-27 11:30:31,242 INFO loop_a: clean (or transient — attention=0, stale_hb_new=0)
2026-05-27 11:32:33,898 INFO loop_a: clean (or transient — attention=0, stale_hb_new=0)
2026-05-27 11:34:35,886 ERROR loop_a fetch failed: <urlopen error [Errno 61] Connection refused>
2026-05-27 11:36:37,016 INFO loop_a: clean (or transient — attention=0, stale_hb_new=0)
2026-05-27 11:38:38,148 INFO loop_a: clean (or transient — attention=0, stale_hb_new=0)
2026-05-27 11:40:40,416 INFO loop_a: clean (or transient — attention=0, stale_hb_new=0)
2026-05-27 11:42:43,128 INFO loop_a: clean (or transient — attention=0, stale_hb_new=0)
2026-05-27 11:44:45,667 INFO loop_a: clean (or transient — attention=0, stale_hb_new=0)
2026-05-27 11:46:46,880 INFO loop_a: clean (or transient — attention=0, stale_hb_new=0)
2026-05-27 11:48:48,192 INFO loop_a: clean (or transient — attention=0, stale_hb_new=0)
2026-05-27 11:50:49,365 INFO loop_a: clean (or transient — attention=0, stale_hb_new=0)
2026-05-27 11:52:50,630 INFO loop_a: clean (or transient — attention=0, stale_hb_new=0)
2026-05-27 11:54:52,129 INFO loop_a: clean (or transient — attention=0, stale_hb_new=0)
2026-05-27 11:55:38,272 INFO loop_c: no new messages to tag
2026-05-27 11:55:53,717 INFO loop_b observation: Memory hygiene: • memory: index 24,641 bytes (over 24KB) • memory: 1 index entries >200 chars • memory: 20 dead [[backlinks]] • memory: 15 files missing from index
2026-05-27 11:56:55,339 INFO loop_a: clean (or transient — attention=0, stale_hb_new=0)
2026-05-27 11:58:58,180 INFO loop_a: clean (or transient — attention=0, stale_hb_new=0)
2026-05-27 12:01:01,242 INFO loop_a: clean (or transient — attention=0, stale_hb_new=0)
2026-05-27 12:03:04,122 INFO loop_a: clean (or transient — attention=0, stale_hb_new=0)
2026-05-27 12:05:06,991 INFO loop_a: clean (or transient — attention=0, stale_hb_new=0)
2026-05-27 12:07:08,536 INFO loop_a: clean (or transient — attention=0, stale_hb_new=0)
2026-05-27 12:09:09,874 INFO loop_a: clean (or transient — attention=0, stale_hb_new=0)
2026-05-27 12:11:11,242 INFO loop_a: clean (or transient — attention=0, stale_hb_new=0)
2026-05-27 12:13:13,603 INFO loop_a: clean (or transient — attention=0, stale_hb_new=0)
2026-05-27 12:15:16,079 INFO loop_a: clean (or transient — attention=0, stale_hb_new=0)
2026-05-27 12:17:18,922 INFO loop_a: clean (or transient — attention=0, stale_hb_new=0)
2026-05-27 12:19:20,250 INFO loop_a: clean (or transient — attention=0, stale_hb_new=0)
2026-05-27 12:21:21,619 INFO loop_a: clean (or transient — attention=0, stale_hb_new=0)
2026-05-27 12:23:22,698 INFO loop_a: clean (or transient — attention=0, stale_hb_new=0)
2026-05-27 12:25:23,982 INFO loop_a: clean (or transient — attention=0, stale_hb_new=0)
2026-05-27 12:25:54,327 INFO loop_b observation: Memory hygiene: • memory: index 24,641 bytes (over 24KB) • memory: 1 index entries >200 chars • memory: 20 dead [[backlinks]] • memory: 15 files missing from index
2026-05-27 12:27:25,233 INFO loop_a: clean (or transient — attention=0, stale_hb_new=0)
2026-05-27 12:29:26,579 INFO loop_a: clean (or transient — attention=0, stale_hb_new=0)
2026-05-27 12:31:27,731 INFO loop_a: clean (or transient — attention=0, stale_hb_new=0)
2026-05-27 12:33:28,725 INFO loop_a: clean (or transient — attention=0, stale_hb_new=0)
2026-05-27 12:35:30,032 INFO loop_a: clean (or transient — attention=0, stale_hb_new=0)
2026-05-27 12:37:31,215 INFO loop_a: clean (or transient — attention=0, stale_hb_new=0)
2026-05-27 12:39:32,482 INFO loop_a: clean (or transient — attention=0, stale_hb_new=0)
2026-05-27 12:41:33,857 INFO loop_a: clean (or transient — attention=0, stale_hb_new=0)
2026-05-27 12:43:35,030 INFO loop_a: clean (or transient — attention=0, stale_hb_new=0)
2026-05-27 12:45:36,308 INFO loop_a: clean (or transient — attention=0, stale_hb_new=0)
2026-05-27 12:47:37,739 INFO loop_a: clean (or transient — attention=0, stale_hb_new=0)
2026-05-27 12:49:39,021 INFO loop_a: clean (or transient — attention=0, stale_hb_new=0)
2026-05-27 12:51:40,476 INFO loop_a: clean (or transient — attention=0, stale_hb_new=0)
2026-05-27 12:53:41,646 INFO loop_a: clean (or transient — attention=0, stale_hb_new=0)
2026-05-27 12:55:43,178 INFO loop_a: clean (or transient — attention=0, stale_hb_new=0)
2026-05-27 12:55:43,184 INFO loop_c: no new messages to tag
2026-05-27 12:55:58,337 INFO loop_b observation: Memory hygiene: • memory: index 24,641 bytes (over 24KB) • memory: 1 index entries >200 chars • memory: 20 dead [[backlinks]] • memory: 15 files missing from index
2026-05-27 12:57:44,505 INFO loop_a: clean (or transient — attention=0, stale_hb_new=0)
2026-05-27 12:59:45,893 INFO loop_a: clean (or transient — attention=0, stale_hb_new=0)
2026-05-27 13:01:47,091 INFO loop_a: clean (or transient — attention=0, stale_hb_new=0)
2026-05-27 13:03:48,291 INFO loop_a: clean (or transient — attention=0, stale_hb_new=0)
2026-05-27 13:05:49,583 INFO loop_a: clean (or transient — attention=0, stale_hb_new=0)
2026-05-27 13:07:50,942 INFO loop_a: clean (or transient — attention=0, stale_hb_new=0)
2026-05-27 13:09:52,064 INFO loop_a: clean (or transient — attention=0, stale_hb_new=0)
2026-05-27 13:11:53,217 INFO loop_a: clean (or transient — attention=0, stale_hb_new=0)
2026-05-27 13:13:54,401 INFO loop_a: clean (or transient — attention=0, stale_hb_new=0)
2026-05-27 13:15:55,564 INFO loop_a: clean (or transient — attention=0, stale_hb_new=0)
2026-05-27 13:17:56,849 INFO loop_a: clean (or transient — attention=0, stale_hb_new=0)
2026-05-27 13:19:58,282 INFO loop_a: clean (or transient — attention=0, stale_hb_new=0)
2026-05-27 13:21:59,537 INFO loop_a: clean (or transient — attention=0, stale_hb_new=0)
2026-05-27 13:24:00,812 INFO loop_a: clean (or transient — attention=0, stale_hb_new=0)
2026-05-27 13:26:01,977 INFO loop_a: clean (or transient — attention=0, stale_hb_new=0)
2026-05-27 13:26:02,012 INFO loop_b observation: Memory hygiene: • memory: index 24,641 bytes (over 24KB) • memory: 1 index entries >200 chars • memory: 20 dead [[backlinks]] • memory: 15 files missing from index
2026-05-27 13:28:03,141 INFO loop_a: clean (or transient — attention=0, stale_hb_new=0)
2026-05-27 13:30:05,653 INFO loop_a: clean (or transient — attention=0, stale_hb_new=0)
2026-05-27 13:32:08,078 INFO loop_a: clean (or transient — attention=0, stale_hb_new=0)
2026-05-27 13:34:10,039 INFO loop_a: clean (or transient — attention=0, stale_hb_new=0)
2026-05-27 13:36:12,898 INFO loop_a: clean (or transient — attention=0, stale_hb_new=0)
2026-05-27 13:38:15,662 INFO loop_a: clean (or transient — attention=0, stale_hb_new=0)
2026-05-27 13:40:18,539 INFO loop_a: clean (or transient — attention=0, stale_hb_new=0)
2026-05-27 13:42:21,442 INFO loop_a: clean (or transient — attention=0, stale_hb_new=0)
2026-05-27 13:44:24,286 INFO loop_a: clean (or transient — attention=0, stale_hb_new=0)
2026-05-27 13:46:26,870 INFO loop_a: clean (or transient — attention=0, stale_hb_new=0)
2026-05-27 13:48:29,548 INFO loop_a: clean (or transient — attention=0, stale_hb_new=0)
2026-05-27 13:50:32,426 INFO loop_a: clean (or transient — attention=0, stale_hb_new=0)
2026-05-27 13:52:34,922 INFO loop_a: clean (or transient — attention=0, stale_hb_new=0)
2026-05-27 13:54:37,573 INFO loop_a: clean (or transient — attention=0, stale_hb_new=0)
2026-05-27 13:55:44,025 INFO loop_c: no new messages to tag
2026-05-27 13:56:04,489 INFO loop_b observation: Memory hygiene: • memory: index 24,641 bytes (over 24KB) • memory: 1 index entries >200 chars • memory: 20 dead [[backlinks]] • memory: 15 files missing from index
2026-05-27 13:56:40,256 INFO loop_a: clean (or transient — attention=0, stale_hb_new=0)
2026-05-27 13:58:43,192 INFO loop_a: clean (or transient — attention=0, stale_hb_new=0)
2026-05-27 14:00:45,854 INFO loop_a: clean (or transient — attention=0, stale_hb_new=0)
2026-05-27 14:02:48,528 INFO loop_a: clean (or transient — attention=0, stale_hb_new=0)
2026-05-27 14:04:51,492 INFO loop_a: clean (or transient — attention=0, stale_hb_new=0)
2026-05-27 14:06:54,221 INFO loop_a: clean (or transient — attention=0, stale_hb_new=0)
2026-05-27 14:08:56,225 INFO loop_a: clean (or transient — attention=0, stale_hb_new=0)
2026-05-27 14:10:58,279 INFO loop_a: clean (or transient — attention=0, stale_hb_new=0)
2026-05-27 14:13:00,940 INFO loop_a: clean (or transient — attention=0, stale_hb_new=0)
2026-05-27 14:15:03,342 INFO loop_a: clean (or transient — attention=0, stale_hb_new=0)
2026-05-27 14:17:05,701 INFO loop_a: clean (or transient — attention=0, stale_hb_new=0)
2026-05-27 14:19:06,624 INFO loop_a: clean (or transient — attention=0, stale_hb_new=0)
2026-05-27 14:21:07,760 INFO loop_a: clean (or transient — attention=0, stale_hb_new=0)
2026-05-27 14:23:08,991 INFO loop_a: clean (or transient — attention=0, stale_hb_new=0)
2026-05-27 14:25:10,119 INFO loop_a: clean (or transient — attention=0, stale_hb_new=0)
2026-05-27 14:26:05,811 INFO loop_b observation: Memory hygiene: • memory: index 24,641 bytes (over 24KB) • memory: 1 index entries >200 chars • memory: 20 dead [[backlinks]] • memory: 15 files missing from index
2026-05-27 14:27:11,494 INFO loop_a: clean (or transient — attention=0, stale_hb_new=0)
2026-05-27 14:29:12,863 INFO loop_a: clean (or transient — attention=0, stale_hb_new=0)
2026-05-27 14:31:14,061 INFO loop_a: clean (or transient — attention=0, stale_hb_new=0)
2026-05-27 14:33:15,481 INFO loop_a: clean (or transient — attention=0, stale_hb_new=0)
2026-05-27 14:35:16,807 INFO loop_a: clean (or transient — attention=0, stale_hb_new=0)
2026-05-27 14:37:18,861 INFO loop_a: clean (or transient — attention=0, stale_hb_new=0)
2026-05-27 14:39:21,472 INFO loop_a: clean (or transient — attention=0, stale_hb_new=0)
2026-05-27 14:41:23,969 INFO loop_a: clean (or transient — attention=0, stale_hb_new=0)
2026-05-27 14:43:26,828 INFO loop_a: clean (or transient — attention=0, stale_hb_new=0)
2026-05-27 14:45:29,567 INFO loop_a: clean (or transient — attention=0, stale_hb_new=0)
2026-05-27 14:47:32,305 INFO loop_a: clean (or transient — attention=0, stale_hb_new=0)
2026-05-27 14:49:34,966 INFO loop_a: clean (or transient — attention=0, stale_hb_new=0)
2026-05-27 14:51:37,095 INFO loop_a: clean (or transient — attention=0, stale_hb_new=0)
2026-05-27 14:53:38,305 INFO loop_a: clean (or transient — attention=0, stale_hb_new=0)
2026-05-27 14:55:39,551 INFO loop_a: clean (or transient — attention=0, stale_hb_new=0)
2026-05-27 14:55:44,605 INFO loop_c: no new messages to tag
2026-05-27 14:56:09,846 INFO loop_b observation: Memory hygiene: • memory: index 24,641 bytes (over 24KB) • memory: 1 index entries >200 chars • memory: 20 dead [[backlinks]] • memory: 15 files missing from index
2026-05-27 14:57:41,910 INFO loop_a: clean (or transient — attention=0, stale_hb_new=0)
2026-05-27 14:59:44,258 INFO loop_a: clean (or transient — attention=0, stale_hb_new=0)
2026-05-27 15:01:46,657 INFO loop_a: clean (or transient — attention=0, stale_hb_new=0)
2026-05-27 15:03:49,436 INFO loop_a: clean (or transient — attention=0, stale_hb_new=0)
2026-05-27 15:05:51,858 INFO loop_a: clean (or transient — attention=0, stale_hb_new=0)
2026-05-27 15:07:54,484 INFO loop_a: clean (or transient — attention=0, stale_hb_new=0)
2026-05-27 15:09:57,021 INFO loop_a: clean (or transient — attention=0, stale_hb_new=0)
2026-05-27 15:11:59,450 INFO loop_a: clean (or transient — attention=0, stale_hb_new=0)
2026-05-27 15:14:02,113 INFO loop_a: clean (or transient — attention=0, stale_hb_new=0)
2026-05-27 15:16:04,766 INFO loop_a: clean (or transient — attention=0, stale_hb_new=0)
2026-05-27 15:18:07,419 INFO loop_a: clean (or transient — attention=0, stale_hb_new=0)
2026-05-27 15:20:10,133 INFO loop_a: clean (or transient — attention=0, stale_hb_new=0)
2026-05-27 15:22:12,862 INFO loop_a: clean (or transient — attention=0, stale_hb_new=0)
2026-05-27 15:24:15,468 INFO loop_a: clean (or transient — attention=0, stale_hb_new=0)
2026-05-27 15:26:12,967 INFO loop_b observation: Memory hygiene: • memory: index 24,641 bytes (over 24KB) • memory: 1 index entries >200 chars • memory: 20 dead [[backlinks]] • memory: 15 files missing from index
2026-05-27 15:26:18,025 INFO loop_a: clean (or transient — attention=0, stale_hb_new=0)
2026-05-27 15:28:19,193 INFO loop_a: clean (or transient — attention=0, stale_hb_new=0)
2026-05-27 15:30:20,641 INFO loop_a: clean (or transient — attention=0, stale_hb_new=0)
2026-05-27 15:32:22,039 INFO loop_a: clean (or transient — attention=0, stale_hb_new=0)
2026-05-27 15:34:23,417 INFO loop_a: clean (or transient — attention=0, stale_hb_new=0)
2026-05-27 15:36:24,711 INFO loop_a: clean (or transient — attention=0, stale_hb_new=0)
2026-05-27 15:38:25,837 INFO loop_a: clean (or transient — attention=0, stale_hb_new=0)
2026-05-27 15:40:27,108 INFO loop_a: clean (or transient — attention=0, stale_hb_new=0)
2026-05-27 15:42:28,506 INFO loop_a: clean (or transient — attention=0, stale_hb_new=0)
2026-05-27 15:44:29,883 INFO loop_a: clean (or transient — attention=0, stale_hb_new=0)
2026-05-27 15:46:31,176 INFO loop_a: clean (or transient — attention=0, stale_hb_new=0)
2026-05-27 15:48:32,278 INFO loop_a: clean (or transient — attention=0, stale_hb_new=0)
2026-05-27 15:50:33,746 INFO loop_a: clean (or transient — attention=0, stale_hb_new=0)
2026-05-27 15:52:34,952 INFO loop_a: clean (or transient — attention=0, stale_hb_new=0)
2026-05-27 15:54:36,228 INFO loop_a: clean (or transient — attention=0, stale_hb_new=0)
2026-05-27 15:55:47,005 INFO loop_c: no new messages to tag
2026-05-27 15:56:17,394 INFO loop_b observation: Memory hygiene: • memory: index 24,641 bytes (over 24KB) • memory: 1 index entries >200 chars • memory: 20 dead [[backlinks]] • memory: 15 files missing from index
2026-05-27 15:56:37,484 INFO loop_a: clean (or transient — attention=0, stale_hb_new=0)
2026-05-27 15:58:38,648 INFO loop_a: clean (or transient — attention=0, stale_hb_new=0)
2026-05-27 16:00:39,959 INFO loop_a: clean (or transient — attention=0, stale_hb_new=0)
2026-05-27 16:02:41,091 INFO loop_a: clean (or transient — attention=2, stale_hb_new=0)
2026-05-27 16:04:42,202 INFO loop_a observation: 2 unresolved attention items.
2026-05-27 16:06:43,286 INFO loop_a observation: 2 unresolved attention items.
2026-05-27 16:08:44,716 INFO loop_a observation: 2 unresolved attention items.
2026-05-27 16:10:47,017 INFO loop_a observation: 2 unresolved attention items.
2026-05-27 16:12:49,739 INFO loop_a observation: 2 unresolved attention items.
2026-05-27 16:14:52,566 INFO loop_a observation: 2 unresolved attention items.
2026-05-27 16:16:55,125 INFO loop_a observation: 2 unresolved attention items.
2026-05-27 16:18:57,722 INFO loop_a observation: 2 unresolved attention items.
2026-05-27 16:21:00,138 INFO loop_a observation: 2 unresolved attention items.
2026-05-27 16:23:02,658 INFO loop_a observation: 2 unresolved attention items.
2026-05-27 16:25:05,341 INFO loop_a observation: 2 unresolved attention items.
2026-05-27 16:26:22,331 INFO loop_b observation: Memory hygiene: • memory: index 24,641 bytes (over 24KB) • memory: 1 index entries >200 chars • memory: 20 dead [[backlinks]] • memory: 15 files missing from index
2026-05-27 16:27:08,253 INFO loop_a observation: 2 unresolved attention items.
2026-05-27 16:29:10,964 INFO loop_a observation: 2 unresolved attention items.
2026-05-27 16:31:13,210 INFO loop_a observation: 2 unresolved attention items.
2026-05-27 16:33:15,855 INFO loop_a observation: 2 unresolved attention items.
2026-05-27 16:35:18,435 INFO loop_a observation: 2 unresolved attention items.
2026-05-27 16:37:21,295 INFO loop_a observation: 2 unresolved attention items.
2026-05-27 16:39:23,660 INFO loop_a observation: 2 unresolved attention items.
2026-05-27 16:41:26,316 INFO loop_a observation: 2 unresolved attention items.
2026-05-27 16:43:28,827 INFO loop_a observation: 2 unresolved attention items.
2026-05-27 16:45:31,135 INFO loop_a observation: 2 unresolved attention items.
2026-05-27 16:47:33,542 INFO loop_a observation: 2 unresolved attention items.
2026-05-27 16:49:36,092 INFO loop_a observation: 2 unresolved attention items.
2026-05-27 16:51:38,691 INFO loop_a observation: 2 unresolved attention items.
2026-05-27 16:53:41,410 INFO loop_a observation: 2 unresolved attention items.
2026-05-27 16:55:44,241 INFO loop_a observation: 2 unresolved attention items.
2026-05-27 16:55:49,321 INFO loop_c: no new messages to tag
2026-05-27 16:56:24,975 INFO loop_b observation: Memory hygiene: • memory: index 24,641 bytes (over 24KB) • memory: 1 index entries >200 chars • memory: 20 dead [[backlinks]] • memory: 15 files missing from index
2026-05-27 16:57:46,613 INFO loop_a observation: 2 unresolved attention items.
2026-05-27 16:59:48,818 INFO loop_a observation: 2 unresolved attention items.
2026-05-27 17:01:50,916 INFO loop_a observation: 2 unresolved attention items.
2026-05-27 17:03:52,306 INFO loop_a: clean (or transient — attention=0, stale_hb_new=0)
2026-05-27 17:05:53,682 INFO loop_a: clean (or transient — attention=2, stale_hb_new=0)
2026-05-27 17:07:54,913 INFO loop_a: clean (or transient — attention=4, stale_hb_new=0)
2026-05-27 17:09:56,299 INFO loop_a observation: 4 unresolved attention items.
2026-05-27 17:11:57,606 INFO loop_a observation: 4 unresolved attention items.
2026-05-27 17:13:58,960 INFO loop_a observation: 4 unresolved attention items.
2026-05-27 17:16:00,231 INFO loop_a observation: 4 unresolved attention items.
2026-05-27 17:18:01,415 INFO loop_a observation: 4 unresolved attention items.
2026-05-27 17:20:02,691 INFO loop_a observation: 4 unresolved attention items.
2026-05-27 17:22:03,863 INFO loop_a observation: 2 unresolved attention items.
2026-05-27 17:24:05,241 INFO loop_a observation: 2 unresolved attention items.
2026-05-27 17:26:06,238 INFO loop_a observation: 2 unresolved attention items.
2026-05-27 17:26:26,479 INFO loop_b observation: Memory hygiene: • memory: index 24,641 bytes (over 24KB) • memory: 1 index entries >200 chars • memory: 20 dead [[backlinks]] • memory: 15 files missing from index
2026-05-27 17:28:07,836 INFO loop_a observation: 2 unresolved attention items.
2026-05-27 17:30:10,089 INFO loop_a observation: 2 unresolved attention items.
2026-05-27 17:32:12,711 INFO loop_a observation: 2 unresolved attention items.
2026-05-27 17:34:14,925 INFO loop_a observation: 2 unresolved attention items.
2026-05-27 17:36:16,962 INFO loop_a observation: 2 unresolved attention items.
2026-05-27 17:38:19,132 INFO loop_a observation: 2 unresolved attention items.
2026-05-27 17:40:21,727 INFO loop_a observation: 2 unresolved attention items.
2026-05-27 17:42:24,208 INFO loop_a observation: 2 unresolved attention items.
2026-05-27 17:44:26,869 INFO loop_a observation: 2 unresolved attention items.
2026-05-27 17:44:56,691 INFO piper online — A=120s B=1800s C=3600s (dry=False)
2026-05-27 17:44:56,704 INFO loop_a: clean (or transient — attention=2, stale_hb_new=0)
2026-05-27 17:44:56,727 INFO loop_b observation: Memory hygiene: • memory: index 24,641 bytes (over 24KB) • memory: 1 index entries >200 chars • memory: 20 dead [[backlinks]] • memory: 15 files missing from index
2026-05-27 17:44:56,732 INFO loop_c: no new messages to tag
2026-05-27 17:46:58,825 INFO loop_a observation: 2 unresolved attention items.
2026-05-27 17:48:59,983 INFO loop_a observation: 1 unresolved attention items.
2026-05-27 17:51:01,098 INFO loop_a: clean (or transient — attention=0, stale_hb_new=0)
2026-05-27 17:53:02,391 INFO loop_a: clean (or transient — attention=0, stale_hb_new=0)
2026-05-27 17:55:04,935 INFO loop_a: clean (or transient — attention=0, stale_hb_new=0)
2026-05-27 17:57:07,460 INFO loop_a: clean (or transient — attention=0, stale_hb_new=0)
2026-05-27 17:59:09,282 INFO loop_a: clean (or transient — attention=0, stale_hb_new=0)
2026-05-27 18:01:10,394 INFO loop_a: clean (or transient — attention=0, stale_hb_new=0)
2026-05-27 18:03:11,542 INFO loop_a: clean (or transient — attention=0, stale_hb_new=0)
2026-05-27 18:05:12,915 INFO loop_a: clean (or transient — attention=0, stale_hb_new=0)
2026-05-27 18:07:15,311 INFO loop_a: clean (or transient — attention=0, stale_hb_new=0)
2026-05-27 18:09:17,751 INFO loop_a: clean (or transient — attention=0, stale_hb_new=0)
2026-05-27 18:11:19,774 INFO loop_a: clean (or transient — attention=0, stale_hb_new=0)
2026-05-27 18:13:22,187 INFO loop_a: clean (or transient — attention=0, stale_hb_new=0)
2026-05-27 18:14:58,916 INFO loop_b observation: Memory hygiene: • memory: index 24,641 bytes (over 24KB) • memory: 1 index entries >200 chars • memory: 20 dead [[backlinks]] • memory: 15 files missing from index
2026-05-27 18:15:24,128 INFO loop_a: clean (or transient — attention=0, stale_hb_new=0)
2026-05-27 18:17:26,613 INFO loop_a: clean (or transient — attention=0, stale_hb_new=0)
2026-05-27 18:19:29,478 INFO loop_a: clean (or transient — attention=0, stale_hb_new=0)
2026-05-27 18:21:31,868 INFO loop_a: clean (or transient — attention=0, stale_hb_new=0)
2026-05-27 18:23:34,231 INFO loop_a: clean (or transient — attention=0, stale_hb_new=0)
2026-05-27 18:25:36,632 INFO loop_a: clean (or transient — attention=0, stale_hb_new=0)
2026-05-27 18:27:39,159 INFO loop_a: clean (or transient — attention=0, stale_hb_new=0)
2026-05-27 18:29:41,483 INFO loop_a: clean (or transient — attention=0, stale_hb_new=0)
2026-05-27 18:31:42,728 INFO loop_a: clean (or transient — attention=0, stale_hb_new=0)
2026-05-27 18:33:44,041 INFO loop_a: clean (or transient — attention=0, stale_hb_new=0)
2026-05-27 18:35:45,040 INFO loop_a: clean (or transient — attention=0, stale_hb_new=0)
2026-05-27 18:37:46,452 INFO loop_a: clean (or transient — attention=0, stale_hb_new=0)
2026-05-27 18:39:47,818 INFO loop_a: clean (or transient — attention=0, stale_hb_new=0)
2026-05-27 18:41:48,905 INFO loop_a: clean (or transient — attention=0, stale_hb_new=0)
2026-05-27 18:43:51,111 INFO loop_a: clean (or transient — attention=0, stale_hb_new=0)
2026-05-27 18:44:56,912 INFO loop_c: no new messages to tag
2026-05-27 18:45:01,981 INFO loop_b observation: Memory hygiene: • memory: index 24,641 bytes (over 24KB) • memory: 1 index entries >200 chars • memory: 20 dead [[backlinks]] • memory: 15 files missing from index
2026-05-27 18:45:52,562 INFO loop_a: clean (or transient — attention=0, stale_hb_new=0)
2026-05-27 18:47:53,743 INFO loop_a: clean (or transient — attention=0, stale_hb_new=0)
2026-05-27 18:49:54,857 INFO loop_a: clean (or transient — attention=0, stale_hb_new=0)
2026-05-27 18:51:56,031 INFO loop_a: clean (or transient — attention=0, stale_hb_new=0)
2026-05-27 18:53:57,363 INFO loop_a: clean (or transient — attention=0, stale_hb_new=0)
2026-05-27 18:55:58,488 INFO loop_a: clean (or transient — attention=0, stale_hb_new=0)
2026-05-27 18:57:59,507 INFO loop_a: clean (or transient — attention=0, stale_hb_new=0)
2026-05-27 19:00:00,365 INFO loop_a: clean (or transient — attention=0, stale_hb_new=0)
2026-05-27 19:02:01,525 INFO loop_a: clean (or transient — attention=0, stale_hb_new=0)
2026-05-27 19:04:02,528 INFO loop_a: clean (or transient — attention=0, stale_hb_new=0)
2026-05-27 19:06:03,500 INFO loop_a: clean (or transient — attention=0, stale_hb_new=0)
2026-05-27 19:08:04,462 INFO loop_a: clean (or transient — attention=0, stale_hb_new=0)
2026-05-27 19:10:05,445 INFO loop_a: clean (or transient — attention=0, stale_hb_new=0)
2026-05-27 19:12:06,602 INFO loop_a: clean (or transient — attention=0, stale_hb_new=0)
2026-05-27 19:14:07,289 INFO loop_a: clean (or transient — attention=0, stale_hb_new=0)
2026-05-27 19:15:02,706 INFO loop_b observation: Memory hygiene: • memory: index 24,641 bytes (over 24KB) • memory: 1 index entries >200 chars • memory: 20 dead [[backlinks]] • memory: 15 files missing from index
2026-05-27 19:16:08,294 INFO loop_a: clean (or transient — attention=0, stale_hb_new=0)
2026-05-27 19:18:09,358 INFO loop_a: clean (or transient — attention=0, stale_hb_new=0)
2026-05-27 19:20:10,475 INFO loop_a: clean (or transient — attention=0, stale_hb_new=0)
2026-05-27 19:22:11,675 INFO loop_a: clean (or transient — attention=0, stale_hb_new=0)
2026-05-27 19:24:12,965 INFO loop_a: clean (or transient — attention=0, stale_hb_new=0)
2026-05-27 19:26:14,303 INFO loop_a: clean (or transient — attention=0, stale_hb_new=0)
2026-05-27 19:28:15,350 INFO loop_a: clean (or transient — attention=0, stale_hb_new=0)
2026-05-27 19:30:16,600 INFO loop_a: clean (or transient — attention=0, stale_hb_new=0)
2026-05-27 19:32:19,444 INFO loop_a: clean (or transient — attention=0, stale_hb_new=0)
2026-05-27 19:33:57,674 INFO piper online — A=120s B=1800s C=3600s (dry=False)
2026-05-27 19:33:57,688 INFO loop_a: clean (or transient — attention=0, stale_hb_new=0)
2026-05-27 19:33:57,724 INFO loop_b observation: Memory hygiene: • memory: index 24,641 bytes (over 24KB) • memory: 1 index entries >200 chars • memory: 20 dead [[backlinks]] • memory: 15 files missing from index
2026-05-27 19:33:57,733 INFO loop_c: no new messages to tag
2026-05-27 19:35:59,430 INFO loop_a: clean (or transient — attention=0, stale_hb_new=0)
2026-05-27 19:38:00,625 INFO loop_a: clean (or transient — attention=0, stale_hb_new=0)
2026-05-27 19:40:01,879 INFO loop_a: clean (or transient — attention=0, stale_hb_new=0)
2026-05-27 19:42:03,269 INFO loop_a: clean (or transient — attention=0, stale_hb_new=0)
2026-05-27 19:44:04,748 INFO loop_a: clean (or transient — attention=0, stale_hb_new=0)
2026-05-27 19:46:06,072 INFO loop_a: clean (or transient — attention=0, stale_hb_new=0)
2026-05-27 19:48:07,356 INFO loop_a: clean (or transient — attention=0, stale_hb_new=0)
2026-05-27 19:50:08,661 INFO loop_a: clean (or transient — attention=0, stale_hb_new=0)
2026-05-27 19:52:09,816 INFO loop_a: clean (or transient — attention=0, stale_hb_new=0)
2026-05-27 19:54:11,042 INFO loop_a: clean (or transient — attention=0, stale_hb_new=0)
2026-05-27 19:56:12,259 INFO loop_a: clean (or transient — attention=0, stale_hb_new=0)
2026-05-27 19:58:13,400 INFO loop_a: clean (or transient — attention=0, stale_hb_new=0)
2026-05-27 20:00:15,508 INFO loop_a: clean (or transient — attention=0, stale_hb_new=0)
2026-05-27 20:02:17,889 INFO loop_a: clean (or transient — attention=0, stale_hb_new=0)
2026-05-27 20:03:59,821 INFO loop_b observation: Memory hygiene: • memory: index 24,641 bytes (over 24KB) • memory: 1 index entries >200 chars • memory: 20 dead [[backlinks]] • memory: 15 files missing from index
2026-05-27 20:04:19,882 INFO loop_a: clean (or transient — attention=0, stale_hb_new=0)
2026-05-27 20:06:21,162 INFO loop_a: clean (or transient — attention=0, stale_hb_new=0)
2026-05-27 20:08:22,444 INFO loop_a: clean (or transient — attention=0, stale_hb_new=0)
2026-05-27 20:10:23,673 INFO loop_a: clean (or transient — attention=0, stale_hb_new=0)
2026-05-27 20:12:24,997 INFO loop_a: clean (or transient — attention=0, stale_hb_new=0)
2026-05-27 20:14:26,122 INFO loop_a: clean (or transient — attention=0, stale_hb_new=0)
2026-05-27 20:16:27,263 INFO loop_a: clean (or transient — attention=0, stale_hb_new=0)
2026-05-27 20:18:28,595 INFO loop_a: clean (or transient — attention=0, stale_hb_new=0)
2026-05-27 20:20:29,746 INFO loop_a: clean (or transient — attention=0, stale_hb_new=0)
2026-05-27 20:22:31,118 INFO loop_a: clean (or transient — attention=0, stale_hb_new=0)
2026-05-27 20:24:32,353 INFO loop_a: clean (or transient — attention=0, stale_hb_new=0)
2026-05-27 20:26:33,539 INFO loop_a: clean (or transient — attention=1, stale_hb_new=0)
2026-05-27 20:28:34,921 INFO loop_a observation: 1 unresolved attention items.
2026-05-27 20:30:36,180 INFO loop_a observation: 1 unresolved attention items.
2026-05-27 20:32:38,366 INFO loop_a observation: 1 unresolved attention items.
2026-05-27 20:33:59,883 INFO loop_b observation: Memory hygiene: • memory: index 24,641 bytes (over 24KB) • memory: 1 index entries >200 chars • memory: 20 dead [[backlinks]] • memory: 15 files missing from index
2026-05-27 20:33:59,891 INFO loop_c: no new messages to tag
2026-05-27 20:34:40,251 INFO loop_a observation: 1 unresolved attention items.
2026-05-27 20:36:41,578 INFO loop_a observation: 1 unresolved attention items.
2026-05-27 20:38:42,792 INFO loop_a observation: 1 unresolved attention items.
2026-05-27 20:40:44,156 INFO loop_a observation: 1 unresolved attention items.
2026-05-27 20:42:45,397 INFO loop_a observation: 1 unresolved attention items.
2026-05-27 20:44:46,705 INFO loop_a observation: 1 unresolved attention items.
2026-05-27 20:46:48,206 INFO loop_a observation: 1 unresolved attention items.
2026-05-27 20:48:50,844 INFO loop_a observation: 1 unresolved attention items.
2026-05-27 20:50:53,141 INFO loop_a observation: 1 unresolved attention items.
2026-05-27 20:52:54,482 INFO loop_a observation: 1 unresolved attention items.
2026-05-27 20:54:55,626 INFO loop_a observation: 1 unresolved attention items.
2026-05-27 20:56:56,923 INFO loop_a observation: 1 unresolved attention items.
2026-05-27 20:58:58,079 INFO loop_a observation: 1 unresolved attention items.
2026-05-27 21:00:59,107 INFO loop_a observation: 1 unresolved attention items.
2026-05-27 21:03:01,224 INFO loop_a observation: 1 unresolved attention items.
2026-05-27 21:04:01,855 INFO loop_b observation: Memory hygiene: • memory: index 24,641 bytes (over 24KB) • memory: 1 index entries >200 chars • memory: 20 dead [[backlinks]] • memory: 15 files missing from index
2026-05-27 21:05:02,366 INFO loop_a observation: 1 unresolved attention items.
2026-05-27 21:07:03,786 INFO loop_a observation: 1 unresolved attention items.
2026-05-27 21:09:04,706 INFO loop_a observation: 1 unresolved attention items.
2026-05-27 21:11:05,690 INFO loop_a observation: 1 unresolved attention items.
2026-05-27 21:13:06,655 INFO loop_a observation: 1 unresolved attention items.
2026-05-27 21:15:07,816 INFO loop_a observation: 1 unresolved attention items.
2026-05-27 21:17:09,984 INFO loop_a: clean (or transient — attention=0, stale_hb_new=0)
2026-05-27 21:19:12,313 INFO loop_a: clean (or transient — attention=0, stale_hb_new=0)
2026-05-27 21:21:14,827 INFO loop_a: clean (or transient — attention=0, stale_hb_new=0)
2026-05-27 21:23:16,722 INFO loop_a: clean (or transient — attention=0, stale_hb_new=0)
2026-05-27 21:25:18,319 INFO loop_a: clean (or transient — attention=0, stale_hb_new=0)
2026-05-27 21:27:19,829 INFO loop_a: clean (or transient — attention=0, stale_hb_new=0)
2026-05-27 21:29:20,892 INFO loop_a: clean (or transient — attention=0, stale_hb_new=0)
2026-05-27 21:31:22,146 INFO loop_a: clean (or transient — attention=0, stale_hb_new=0)
2026-05-27 21:33:24,427 INFO loop_a: clean (or transient — attention=0, stale_hb_new=0)
2026-05-27 21:34:00,005 INFO loop_c: no new messages to tag
2026-05-27 21:34:05,178 INFO loop_b observation: Memory hygiene: • memory: index 24,641 bytes (over 24KB) • memory: 1 index entries >200 chars • memory: 20 dead [[backlinks]] • memory: 15 files missing from index
2026-05-27 21:35:26,926 INFO loop_a: clean (or transient — attention=0, stale_hb_new=0)
2026-05-27 21:37:28,710 INFO loop_a: clean (or transient — attention=0, stale_hb_new=0)
2026-05-27 21:39:29,769 INFO loop_a: clean (or transient — attention=0, stale_hb_new=0)
2026-05-27 21:41:30,866 INFO loop_a: clean (or transient — attention=0, stale_hb_new=0)
2026-05-27 21:43:32,040 INFO loop_a: clean (or transient — attention=0, stale_hb_new=0)
2026-05-27 21:45:33,014 INFO loop_a: clean (or transient — attention=0, stale_hb_new=0)
2026-05-27 21:47:34,094 INFO loop_a: clean (or transient — attention=0, stale_hb_new=0)
2026-05-27 21:49:36,276 INFO loop_a: clean (or transient — attention=0, stale_hb_new=0)
2026-05-27 21:51:39,219 INFO loop_a: clean (or transient — attention=0, stale_hb_new=0)
2026-05-27 21:53:41,617 INFO loop_a: clean (or transient — attention=0, stale_hb_new=0)
2026-05-27 21:55:44,323 INFO loop_a: clean (or transient — attention=0, stale_hb_new=0)
2026-05-27 21:57:47,329 INFO loop_a: clean (or transient — attention=0, stale_hb_new=0)
2026-05-27 21:59:49,240 INFO loop_a: clean (or transient — attention=0, stale_hb_new=0)
2026-05-27 22:01:50,265 INFO loop_a: clean (or transient — attention=0, stale_hb_new=0)
2026-05-27 22:03:51,432 INFO loop_a: clean (or transient — attention=0, stale_hb_new=0)
2026-05-27 22:04:06,611 INFO loop_b observation: Memory hygiene: • memory: index 24,641 bytes (over 24KB) • memory: 1 index entries >200 chars • memory: 20 dead [[backlinks]] • memory: 15 files missing from index
2026-05-27 22:05:52,596 INFO loop_a: clean (or transient — attention=0, stale_hb_new=0)
2026-05-27 22:07:54,402 INFO loop_a: clean (or transient — attention=0, stale_hb_new=0)
2026-05-27 22:09:56,552 INFO loop_a: clean (or transient — attention=0, stale_hb_new=0)
2026-05-27 22:11:59,249 INFO loop_a: clean (or transient — attention=0, stale_hb_new=0)
2026-05-27 22:14:00,233 INFO loop_a: clean (or transient — attention=0, stale_hb_new=0)
2026-05-27 22:16:02,182 INFO loop_a: clean (or transient — attention=0, stale_hb_new=0)
2026-05-27 22:18:03,736 INFO loop_a: clean (or transient — attention=0, stale_hb_new=0)
2026-05-27 22:20:04,783 INFO loop_a: clean (or transient — attention=0, stale_hb_new=0)
2026-05-27 22:22:05,638 INFO loop_a: clean (or transient — attention=0, stale_hb_new=0)
2026-05-27 22:24:06,681 INFO loop_a: clean (or transient — attention=0, stale_hb_new=0)
2026-05-27 22:26:07,879 INFO loop_a: clean (or transient — attention=0, stale_hb_new=0)
2026-05-27 22:28:09,137 INFO loop_a: clean (or transient — attention=0, stale_hb_new=0)
2026-05-27 22:30:10,878 INFO loop_a: clean (or transient — attention=0, stale_hb_new=0)
2026-05-27 22:32:13,755 INFO loop_a: clean (or transient — attention=0, stale_hb_new=0)
2026-05-27 22:34:01,020 INFO loop_c: no new messages to tag
2026-05-27 22:34:11,341 INFO loop_b observation: Memory hygiene: • memory: index 24,641 bytes (over 24KB) • memory: 1 index entries >200 chars • memory: 20 dead [[backlinks]] • memory: 15 files missing from index
2026-05-27 22:34:16,477 INFO loop_a: clean (or transient — attention=0, stale_hb_new=0)
2026-05-27 22:36:18,852 INFO loop_a: clean (or transient — attention=0, stale_hb_new=0)
2026-05-27 22:38:20,192 INFO loop_a: clean (or transient — attention=0, stale_hb_new=0)
2026-05-27 22:40:21,340 INFO loop_a: clean (or transient — attention=0, stale_hb_new=0)
2026-05-27 22:42:22,631 INFO loop_a: clean (or transient — attention=0, stale_hb_new=0)
2026-05-27 22:44:24,199 INFO loop_a: clean (or transient — attention=0, stale_hb_new=0)
2026-05-27 22:46:26,767 INFO loop_a: clean (or transient — attention=0, stale_hb_new=0)
2026-05-27 22:48:29,508 INFO loop_a: clean (or transient — attention=0, stale_hb_new=0)
2026-05-27 22:50:31,976 INFO loop_a: clean (or transient — attention=0, stale_hb_new=0)
2026-05-27 22:52:34,808 INFO loop_a: clean (or transient — attention=0, stale_hb_new=0)
2026-05-27 22:54:37,495 INFO loop_a: clean (or transient — attention=0, stale_hb_new=0)
2026-05-27 22:56:39,976 INFO loop_a: clean (or transient — attention=0, stale_hb_new=0)
2026-05-27 22:58:42,374 INFO loop_a: clean (or transient — attention=0, stale_hb_new=0)
2026-05-27 23:00:45,146 INFO loop_a: clean (or transient — attention=0, stale_hb_new=0)
2026-05-27 23:02:47,513 INFO loop_a: clean (or transient — attention=0, stale_hb_new=0)
2026-05-27 23:04:14,457 INFO loop_b observation: Memory hygiene: • memory: index 24,641 bytes (over 24KB) • memory: 1 index entries >200 chars • memory: 20 dead [[backlinks]] • memory: 15 files missing from index
2026-05-27 23:04:50,419 INFO loop_a: clean (or transient — attention=0, stale_hb_new=0)
2026-05-27 23:06:52,756 INFO loop_a: clean (or transient — attention=0, stale_hb_new=0)
2026-05-27 23:08:55,280 INFO loop_a: clean (or transient — attention=0, stale_hb_new=0)
2026-05-27 23:10:57,985 INFO loop_a: clean (or transient — attention=0, stale_hb_new=0)
2026-05-27 23:13:00,809 INFO loop_a: clean (or transient — attention=0, stale_hb_new=0)
2026-05-27 23:15:03,630 INFO loop_a: clean (or transient — attention=0, stale_hb_new=0)
2026-05-27 23:17:06,293 INFO loop_a: clean (or transient — attention=0, stale_hb_new=0)
2026-05-27 23:19:09,271 INFO loop_a: clean (or transient — attention=0, stale_hb_new=0)
2026-05-27 23:21:10,979 INFO loop_a: clean (or transient — attention=0, stale_hb_new=0)
2026-05-27 23:23:12,228 INFO loop_a: clean (or transient — attention=0, stale_hb_new=0)
2026-05-27 23:25:13,562 INFO loop_a: clean (or transient — attention=0, stale_hb_new=0)
2026-05-27 23:27:14,739 INFO loop_a: clean (or transient — attention=1, stale_hb_new=0)
2026-05-27 23:29:16,301 INFO loop_a observation: 1 unresolved attention items.
2026-05-27 23:31:19,093 INFO loop_a observation: 1 unresolved attention items.
2026-05-27 23:33:21,780 INFO loop_a observation: 1 unresolved attention items.
2026-05-27 23:34:02,834 INFO loop_c: no new messages to tag
2026-05-27 23:34:18,163 INFO loop_b observation: Memory hygiene: • memory: index 24,641 bytes (over 24KB) • memory: 1 index entries >200 chars • memory: 20 dead [[backlinks]] • memory: 15 files missing from index
2026-05-27 23:35:24,735 INFO loop_a: clean (or transient — attention=0, stale_hb_new=0)
2026-05-27 23:37:27,538 INFO loop_a: clean (or transient — attention=0, stale_hb_new=0)
2026-05-27 23:39:29,548 INFO loop_a: clean (or transient — attention=0, stale_hb_new=0)
2026-05-27 23:41:31,027 INFO loop_a: clean (or transient — attention=0, stale_hb_new=0)
2026-05-27 23:43:32,283 INFO loop_a: clean (or transient — attention=0, stale_hb_new=0)
2026-05-27 23:45:33,480 INFO loop_a: clean (or transient — attention=0, stale_hb_new=0)
2026-05-27 23:47:34,692 INFO loop_a: clean (or transient — attention=0, stale_hb_new=0)
2026-05-27 23:49:35,894 INFO loop_a: clean (or transient — attention=0, stale_hb_new=0)
2026-05-27 23:51:37,294 INFO loop_a: clean (or transient — attention=0, stale_hb_new=0)
2026-05-27 23:53:38,572 INFO loop_a: clean (or transient — attention=0, stale_hb_new=0)
2026-05-27 23:55:39,974 INFO loop_a: clean (or transient — attention=0, stale_hb_new=0)
2026-05-27 23:57:41,561 INFO loop_a: clean (or transient — attention=0, stale_hb_new=0)
2026-05-27 23:59:42,818 INFO loop_a: clean (or transient — attention=0, stale_hb_new=0)
2026-05-28 00:01:44,056 INFO loop_a: clean (or transient — attention=0, stale_hb_new=0)
2026-05-28 00:03:45,370 INFO loop_a: clean (or transient — attention=0, stale_hb_new=0)
2026-05-28 00:04:20,741 INFO loop_b observation: Memory hygiene: • memory: index 24,641 bytes (over 24KB) • memory: 1 index entries >200 chars • memory: 20 dead [[backlinks]] • memory: 15 files missing from index
2026-05-28 00:05:46,525 INFO loop_a: clean (or transient — attention=0, stale_hb_new=0)
2026-05-28 00:07:47,604 INFO loop_a: clean (or transient — attention=0, stale_hb_new=0)
2026-05-28 00:09:48,989 INFO loop_a: clean (or transient — attention=0, stale_hb_new=0)
2026-05-28 00:11:50,307 INFO loop_a: clean (or transient — attention=0, stale_hb_new=0)
2026-05-28 00:13:51,567 INFO loop_a: clean (or transient — attention=0, stale_hb_new=0)
2026-05-28 00:15:52,887 INFO loop_a: clean (or transient — attention=0, stale_hb_new=0)
2026-05-28 00:17:54,111 INFO loop_a: clean (or transient — attention=0, stale_hb_new=0)
2026-05-28 00:19:55,431 INFO loop_a: clean (or transient — attention=0, stale_hb_new=0)
2026-05-28 00:21:56,793 INFO loop_a: clean (or transient — attention=0, stale_hb_new=0)
2026-05-28 00:23:58,208 INFO loop_a: clean (or transient — attention=0, stale_hb_new=0)
2026-05-28 00:25:59,444 INFO loop_a: clean (or transient — attention=0, stale_hb_new=0)
2026-05-28 00:28:00,694 INFO loop_a: clean (or transient — attention=0, stale_hb_new=0)
2026-05-28 00:30:01,816 INFO loop_a: clean (or transient — attention=0, stale_hb_new=0)
2026-05-28 00:32:03,137 INFO loop_a: clean (or transient — attention=0, stale_hb_new=0)
2026-05-28 00:34:04,362 INFO loop_a: clean (or transient — attention=0, stale_hb_new=0)
2026-05-28 00:34:04,372 INFO loop_c: no new messages to tag
2026-05-28 00:34:24,625 INFO loop_b observation: Memory hygiene: • memory: index 24,641 bytes (over 24KB) • memory: 1 index entries >200 chars • memory: 20 dead [[backlinks]] • memory: 15 files missing from index
2026-05-28 00:36:05,633 INFO loop_a: clean (or transient — attention=0, stale_hb_new=0)
2026-05-28 00:38:07,077 INFO loop_a: clean (or transient — attention=0, stale_hb_new=0)
2026-05-28 00:40:08,481 INFO loop_a: clean (or transient — attention=0, stale_hb_new=0)
2026-05-28 00:42:09,665 INFO loop_a: clean (or transient — attention=0, stale_hb_new=0)
2026-05-28 00:44:11,028 INFO loop_a: clean (or transient — attention=0, stale_hb_new=0)
2026-05-28 00:46:12,348 INFO loop_a: clean (or transient — attention=0, stale_hb_new=0)
2026-05-28 00:48:13,707 INFO loop_a: clean (or transient — attention=0, stale_hb_new=0)
2026-05-28 00:50:14,958 INFO loop_a: clean (or transient — attention=0, stale_hb_new=0)
2026-05-28 00:52:16,283 INFO loop_a: clean (or transient — attention=0, stale_hb_new=0)
2026-05-28 00:54:17,475 INFO loop_a: clean (or transient — attention=0, stale_hb_new=0)
2026-05-28 00:56:19,092 INFO loop_a: clean (or transient — attention=0, stale_hb_new=0)
2026-05-28 00:58:20,162 INFO loop_a: clean (or transient — attention=0, stale_hb_new=0)
2026-05-28 01:00:21,525 INFO loop_a: clean (or transient — attention=0, stale_hb_new=0)
2026-05-28 01:02:23,407 INFO loop_a: clean (or transient — attention=0, stale_hb_new=0)
2026-05-28 01:04:26,052 INFO loop_a: clean (or transient — attention=0, stale_hb_new=0)
2026-05-28 01:04:26,090 INFO loop_b observation: Memory hygiene: • memory: index 24,641 bytes (over 24KB) • memory: 1 index entries >200 chars • memory: 20 dead [[backlinks]] • memory: 15 files missing from index
2026-05-28 01:06:28,343 INFO loop_a: clean (or transient — attention=0, stale_hb_new=0)
2026-05-28 01:08:29,551 INFO loop_a: clean (or transient — attention=0, stale_hb_new=0)
2026-05-28 01:10:30,519 INFO loop_a: clean (or transient — attention=0, stale_hb_new=0)
2026-05-28 01:12:31,485 INFO loop_a: clean (or transient — attention=0, stale_hb_new=0)
2026-05-28 01:14:32,699 INFO loop_a: clean (or transient — attention=0, stale_hb_new=0)
2026-05-28 01:16:34,716 INFO loop_a: clean (or transient — attention=0, stale_hb_new=0)
2026-05-28 01:18:36,764 INFO loop_a: clean (or transient — attention=0, stale_hb_new=0)
2026-05-28 01:20:39,068 INFO loop_a: clean (or transient — attention=0, stale_hb_new=0)
2026-05-28 01:22:41,699 INFO loop_a: clean (or transient — attention=0, stale_hb_new=0)
2026-05-28 01:24:44,142 INFO loop_a: clean (or transient — attention=0, stale_hb_new=0)
2026-05-28 01:26:46,884 INFO loop_a: clean (or transient — attention=0, stale_hb_new=0)
2026-05-28 01:28:49,768 INFO loop_a: clean (or transient — attention=0, stale_hb_new=0)
2026-05-28 01:30:52,130 INFO loop_a: clean (or transient — attention=0, stale_hb_new=0)
2026-05-28 01:32:54,825 INFO loop_a: clean (or transient — attention=0, stale_hb_new=0)
2026-05-28 01:34:06,621 INFO loop_c: no new messages to tag
2026-05-28 01:34:27,185 INFO loop_b observation: Memory hygiene: • memory: index 24,641 bytes (over 24KB) • memory: 1 index entries >200 chars • memory: 20 dead [[backlinks]] • memory: 15 files missing from index
2026-05-28 01:34:57,812 INFO loop_a: clean (or transient — attention=0, stale_hb_new=0)
2026-05-28 01:37:00,242 INFO loop_a: clean (or transient — attention=0, stale_hb_new=0)
2026-05-28 01:39:02,808 INFO loop_a: clean (or transient — attention=0, stale_hb_new=0)
2026-05-28 01:41:05,705 INFO loop_a: clean (or transient — attention=0, stale_hb_new=0)
2026-05-28 01:43:08,351 INFO loop_a: clean (or transient — attention=0, stale_hb_new=0)
2026-05-28 01:45:11,276 INFO loop_a: clean (or transient — attention=0, stale_hb_new=0)
2026-05-28 01:47:13,997 INFO loop_a: clean (or transient — attention=0, stale_hb_new=0)
2026-05-28 01:49:16,341 INFO loop_a: clean (or transient — attention=0, stale_hb_new=0)
2026-05-28 01:51:18,866 INFO loop_a: clean (or transient — attention=0, stale_hb_new=0)
2026-05-28 01:53:21,710 INFO loop_a: clean (or transient — attention=0, stale_hb_new=0)
2026-05-28 01:55:24,574 INFO loop_a: clean (or transient — attention=0, stale_hb_new=0)
2026-05-28 01:57:27,517 INFO loop_a: clean (or transient — attention=0, stale_hb_new=0)
2026-05-28 01:59:30,219 INFO loop_a: clean (or transient — attention=0, stale_hb_new=0)
2026-05-28 02:01:33,161 INFO loop_a: clean (or transient — attention=0, stale_hb_new=0)
2026-05-28 02:03:35,814 INFO loop_a: clean (or transient — attention=0, stale_hb_new=0)
2026-05-28 02:04:32,180 INFO loop_b observation: Memory hygiene: • memory: index 24,641 bytes (over 24KB) • memory: 1 index entries >200 chars • memory: 20 dead [[backlinks]] • memory: 15 files missing from index
2026-05-28 02:05:38,552 INFO loop_a: clean (or transient — attention=0, stale_hb_new=0)
2026-05-28 02:07:41,230 INFO loop_a: clean (or transient — attention=0, stale_hb_new=0)
2026-05-28 02:09:43,720 INFO loop_a: clean (or transient — attention=0, stale_hb_new=0)
2026-05-28 02:11:46,796 INFO loop_a: clean (or transient — attention=0, stale_hb_new=0)
2026-05-28 02:13:49,527 INFO loop_a: clean (or transient — attention=0, stale_hb_new=0)
2026-05-28 02:15:52,450 INFO loop_a: clean (or transient — attention=0, stale_hb_new=0)
2026-05-28 02:17:54,921 INFO loop_a: clean (or transient — attention=0, stale_hb_new=0)
2026-05-28 02:19:57,800 INFO loop_a: clean (or transient — attention=0, stale_hb_new=0)
2026-05-28 02:22:00,425 INFO loop_a: clean (or transient — attention=0, stale_hb_new=0)
2026-05-28 02:24:03,039 INFO loop_a: clean (or transient — attention=0, stale_hb_new=0)
2026-05-28 02:26:05,615 INFO loop_a: clean (or transient — attention=0, stale_hb_new=0)
2026-05-28 02:28:08,225 INFO loop_a: clean (or transient — attention=0, stale_hb_new=0)
2026-05-28 02:30:11,227 INFO loop_a: clean (or transient — attention=0, stale_hb_new=0)
2026-05-28 02:32:14,137 INFO loop_a: clean (or transient — attention=0, stale_hb_new=0)
2026-05-28 02:34:11,697 INFO loop_c: no new messages to tag
2026-05-28 02:34:16,775 INFO loop_a: clean (or transient — attention=0, stale_hb_new=0)
2026-05-28 02:34:32,187 INFO loop_b observation: Memory hygiene: • memory: index 24,641 bytes (over 24KB) • memory: 1 index entries >200 chars • memory: 20 dead [[backlinks]] • memory: 15 files missing from index
2026-05-28 02:36:19,875 INFO loop_a: clean (or transient — attention=0, stale_hb_new=0)
2026-05-28 02:38:22,848 INFO loop_a: clean (or transient — attention=0, stale_hb_new=0)
2026-05-28 02:40:25,587 INFO loop_a: clean (or transient — attention=0, stale_hb_new=0)
2026-05-28 02:42:28,172 INFO loop_a: clean (or transient — attention=0, stale_hb_new=0)
2026-05-28 02:44:31,240 INFO loop_a: clean (or transient — attention=0, stale_hb_new=0)
2026-05-28 02:46:34,006 INFO loop_a: clean (or transient — attention=0, stale_hb_new=0)
2026-05-28 02:48:36,872 INFO loop_a: clean (or transient — attention=0, stale_hb_new=0)
2026-05-28 02:50:39,405 INFO loop_a: clean (or transient — attention=0, stale_hb_new=0)
2026-05-28 02:52:42,232 INFO loop_a: clean (or transient — attention=0, stale_hb_new=0)
2026-05-28 02:54:44,956 INFO loop_a: clean (or transient — attention=0, stale_hb_new=0)
2026-05-28 02:56:47,916 INFO loop_a: clean (or transient — attention=0, stale_hb_new=0)
2026-05-28 02:58:50,828 INFO loop_a: clean (or transient — attention=0, stale_hb_new=0)
2026-05-28 03:00:53,692 INFO loop_a: clean (or transient — attention=0, stale_hb_new=0)
2026-05-28 03:02:56,337 INFO loop_a: clean (or transient — attention=0, stale_hb_new=0)
2026-05-28 03:04:33,872 INFO loop_b observation: Memory hygiene: • memory: index 24,641 bytes (over 24KB) • memory: 1 index entries >200 chars • memory: 20 dead [[backlinks]] • memory: 15 files missing from index
2026-05-28 03:04:59,395 INFO loop_a: clean (or transient — attention=0, stale_hb_new=0)
2026-05-28 03:07:01,996 INFO loop_a: clean (or transient — attention=0, stale_hb_new=0)
2026-05-28 03:09:04,491 INFO loop_a: clean (or transient — attention=0, stale_hb_new=0)
2026-05-28 03:11:07,243 INFO loop_a: clean (or transient — attention=0, stale_hb_new=0)
2026-05-28 03:13:10,118 INFO loop_a: clean (or transient — attention=0, stale_hb_new=0)
2026-05-28 03:15:12,622 INFO loop_a: clean (or transient — attention=0, stale_hb_new=0)
2026-05-28 03:17:15,438 INFO loop_a: clean (or transient — attention=0, stale_hb_new=0)
2026-05-28 03:19:18,386 INFO loop_a: clean (or transient — attention=0, stale_hb_new=0)
2026-05-28 03:21:20,751 INFO loop_a: clean (or transient — attention=0, stale_hb_new=0)
2026-05-28 03:23:23,647 INFO loop_a: clean (or transient — attention=0, stale_hb_new=0)
2026-05-28 03:25:26,377 INFO loop_a: clean (or transient — attention=0, stale_hb_new=0)
2026-05-28 03:27:29,381 INFO loop_a: clean (or transient — attention=0, stale_hb_new=0)
2026-05-28 03:29:32,271 INFO loop_a: clean (or transient — attention=0, stale_hb_new=0)
2026-05-28 03:31:35,164 INFO loop_a: clean (or transient — attention=0, stale_hb_new=0)
2026-05-28 03:33:37,944 INFO loop_a: clean (or transient — attention=0, stale_hb_new=0)
2026-05-28 03:34:13,747 INFO loop_c: no new messages to tag
2026-05-28 03:34:34,149 INFO loop_b observation: Memory hygiene: • memory: index 24,641 bytes (over 24KB) • memory: 1 index entries >200 chars • memory: 20 dead [[backlinks]] • memory: 15 files missing from index
2026-05-28 03:35:40,500 INFO loop_a: clean (or transient — attention=0, stale_hb_new=0)
2026-05-28 03:37:43,023 INFO loop_a: clean (or transient — attention=0, stale_hb_new=0)
2026-05-28 03:39:45,603 INFO loop_a: clean (or transient — attention=0, stale_hb_new=0)
2026-05-28 03:41:48,127 INFO loop_a: clean (or transient — attention=0, stale_hb_new=0)
2026-05-28 03:43:50,887 INFO loop_a: clean (or transient — attention=0, stale_hb_new=0)
2026-05-28 03:45:53,658 INFO loop_a: clean (or transient — attention=0, stale_hb_new=0)
2026-05-28 03:47:56,358 INFO loop_a: clean (or transient — attention=0, stale_hb_new=0)
2026-05-28 03:49:58,858 INFO loop_a: clean (or transient — attention=0, stale_hb_new=0)
2026-05-28 03:52:01,923 INFO loop_a: clean (or transient — attention=0, stale_hb_new=0)
2026-05-28 03:54:04,342 INFO loop_a: clean (or transient — attention=0, stale_hb_new=0)
2026-05-28 03:56:06,999 INFO loop_a: clean (or transient — attention=0, stale_hb_new=0)
2026-05-28 03:58:09,314 INFO loop_a: clean (or transient — attention=0, stale_hb_new=0)
2026-05-28 04:00:12,130 INFO loop_a: clean (or transient — attention=0, stale_hb_new=0)
2026-05-28 04:02:14,867 INFO loop_a: clean (or transient — attention=0, stale_hb_new=0)
2026-05-28 04:04:17,775 INFO loop_a: clean (or transient — attention=0, stale_hb_new=0)
2026-05-28 04:04:38,258 INFO loop_b observation: Memory hygiene: • memory: index 24,641 bytes (over 24KB) • memory: 1 index entries >200 chars • memory: 20 dead [[backlinks]] • memory: 15 files missing from index
2026-05-28 04:06:20,430 INFO loop_a: clean (or transient — attention=0, stale_hb_new=0)
2026-05-28 04:08:23,271 INFO loop_a: clean (or transient — attention=0, stale_hb_new=0)
2026-05-28 04:10:26,061 INFO loop_a: clean (or transient — attention=0, stale_hb_new=0)
2026-05-28 04:12:28,912 INFO loop_a: clean (or transient — attention=0, stale_hb_new=0)
2026-05-28 04:14:31,729 INFO loop_a: clean (or transient — attention=0, stale_hb_new=0)
2026-05-28 04:16:34,285 INFO loop_a: clean (or transient — attention=0, stale_hb_new=0)
2026-05-28 04:18:37,161 INFO loop_a: clean (or transient — attention=0, stale_hb_new=0)
2026-05-28 04:20:40,058 INFO loop_a: clean (or transient — attention=0, stale_hb_new=0)
2026-05-28 04:22:42,883 INFO loop_a: clean (or transient — attention=0, stale_hb_new=0)
2026-05-28 04:24:45,678 INFO loop_a: clean (or transient — attention=0, stale_hb_new=0)
2026-05-28 04:26:48,629 INFO loop_a: clean (or transient — attention=0, stale_hb_new=0)
2026-05-28 04:28:51,868 INFO loop_a: clean (or transient — attention=0, stale_hb_new=0)
2026-05-28 04:30:54,540 INFO loop_a: clean (or transient — attention=0, stale_hb_new=0)
2026-05-28 04:32:57,133 INFO loop_a: clean (or transient — attention=0, stale_hb_new=0)
2026-05-28 04:34:14,017 INFO loop_c: no new messages to tag
2026-05-28 04:34:39,697 INFO loop_b observation: Memory hygiene: • memory: index 24,641 bytes (over 24KB) • memory: 1 index entries >200 chars • memory: 20 dead [[backlinks]] • memory: 15 files missing from index
2026-05-28 04:35:00,090 INFO loop_a: clean (or transient — attention=0, stale_hb_new=0)
2026-05-28 04:37:02,318 INFO loop_a: clean (or transient — attention=0, stale_hb_new=0)
2026-05-28 04:39:05,136 INFO loop_a: clean (or transient — attention=0, stale_hb_new=0)
2026-05-28 04:41:07,870 INFO loop_a: clean (or transient — attention=0, stale_hb_new=0)
2026-05-28 04:43:10,601 INFO loop_a: clean (or transient — attention=0, stale_hb_new=0)
2026-05-28 04:45:13,236 INFO loop_a: clean (or transient — attention=0, stale_hb_new=0)
2026-05-28 04:47:16,142 INFO loop_a: clean (or transient — attention=0, stale_hb_new=0)
2026-05-28 04:49:19,025 INFO loop_a: clean (or transient — attention=0, stale_hb_new=0)
2026-05-28 04:51:21,925 INFO loop_a: clean (or transient — attention=0, stale_hb_new=0)
2026-05-28 04:53:24,894 INFO loop_a: clean (or transient — attention=0, stale_hb_new=0)
2026-05-28 04:55:27,582 INFO loop_a: clean (or transient — attention=0, stale_hb_new=0)
2026-05-28 04:57:30,404 INFO loop_a: clean (or transient — attention=0, stale_hb_new=0)
2026-05-28 04:59:33,223 INFO loop_a: clean (or transient — attention=0, stale_hb_new=0)
2026-05-28 05:01:36,060 INFO loop_a: clean (or transient — attention=0, stale_hb_new=0)
2026-05-28 05:03:38,431 INFO loop_a: clean (or transient — attention=0, stale_hb_new=0)
2026-05-28 05:04:39,719 INFO loop_b observation: Memory hygiene: • memory: index 24,641 bytes (over 24KB) • memory: 1 index entries >200 chars • memory: 20 dead [[backlinks]] • memory: 15 files missing from index
2026-05-28 05:05:41,087 INFO loop_a: clean (or transient — attention=0, stale_hb_new=0)
2026-05-28 05:07:44,014 INFO loop_a: clean (or transient — attention=0, stale_hb_new=0)
2026-05-28 05:09:46,711 INFO loop_a: clean (or transient — attention=0, stale_hb_new=0)
2026-05-28 05:11:49,540 INFO loop_a: clean (or transient — attention=0, stale_hb_new=0)
2026-05-28 05:13:52,459 INFO loop_a: clean (or transient — attention=0, stale_hb_new=0)
2026-05-28 05:15:55,122 INFO loop_a: clean (or transient — attention=0, stale_hb_new=0)
2026-05-28 05:17:58,027 INFO loop_a: clean (or transient — attention=0, stale_hb_new=0)
2026-05-28 05:20:01,124 INFO loop_a: clean (or transient — attention=0, stale_hb_new=0)
2026-05-28 05:22:03,897 INFO loop_a: clean (or transient — attention=0, stale_hb_new=0)
2026-05-28 05:24:06,704 INFO loop_a: clean (or transient — attention=0, stale_hb_new=0)
2026-05-28 05:26:09,698 INFO loop_a: clean (or transient — attention=0, stale_hb_new=0)
2026-05-28 05:28:12,457 INFO loop_a: clean (or transient — attention=0, stale_hb_new=0)
2026-05-28 05:30:15,532 INFO loop_a: clean (or transient — attention=0, stale_hb_new=0)
2026-05-28 05:32:18,480 INFO loop_a: clean (or transient — attention=0, stale_hb_new=0)
2026-05-28 05:34:15,923 INFO loop_c: no new messages to tag
2026-05-28 05:34:21,075 INFO loop_a: clean (or transient — attention=0, stale_hb_new=0)
2026-05-28 05:34:41,528 INFO loop_b observation: Memory hygiene: • memory: index 24,641 bytes (over 24KB) • memory: 1 index entries >200 chars • memory: 20 dead [[backlinks]] • memory: 15 files missing from index
2026-05-28 05:36:23,788 INFO loop_a: clean (or transient — attention=0, stale_hb_new=0)
2026-05-28 05:38:26,536 INFO loop_a: clean (or transient — attention=0, stale_hb_new=0)
2026-05-28 05:40:29,089 INFO loop_a: clean (or transient — attention=0, stale_hb_new=0)
2026-05-28 05:42:31,822 INFO loop_a: clean (or transient — attention=0, stale_hb_new=0)
2026-05-28 05:44:34,599 INFO loop_a: clean (or transient — attention=0, stale_hb_new=0)
2026-05-28 05:46:37,360 INFO loop_a: clean (or transient — attention=0, stale_hb_new=0)
2026-05-28 05:48:40,184 INFO loop_a: clean (or transient — attention=0, stale_hb_new=0)
2026-05-28 05:50:43,010 INFO loop_a: clean (or transient — attention=0, stale_hb_new=0)
2026-05-28 05:52:45,428 INFO loop_a: clean (or transient — attention=0, stale_hb_new=0)
2026-05-28 05:54:48,281 INFO loop_a: clean (or transient — attention=0, stale_hb_new=0)
2026-05-28 05:56:51,024 INFO loop_a: clean (or transient — attention=0, stale_hb_new=0)
2026-05-28 05:58:53,812 INFO loop_a: clean (or transient — attention=0, stale_hb_new=0)
2026-05-28 06:00:56,377 INFO loop_a: clean (or transient — attention=0, stale_hb_new=0)
2026-05-28 06:02:59,215 INFO loop_a: clean (or transient — attention=0, stale_hb_new=0)
2026-05-28 06:04:41,777 INFO loop_b observation: Memory hygiene: • memory: index 24,641 bytes (over 24KB) • memory: 1 index entries >200 chars • memory: 20 dead [[backlinks]] • memory: 15 files missing from index
2026-05-28 06:05:02,206 INFO loop_a: clean (or transient — attention=0, stale_hb_new=0)
2026-05-28 06:07:05,080 INFO loop_a: clean (or transient — attention=0, stale_hb_new=0)
2026-05-28 06:09:07,967 INFO loop_a: clean (or transient — attention=0, stale_hb_new=0)
2026-05-28 06:11:10,687 INFO loop_a: clean (or transient — attention=0, stale_hb_new=0)
2026-05-28 06:13:13,367 INFO loop_a: clean (or transient — attention=0, stale_hb_new=0)
2026-05-28 06:15:16,205 INFO loop_a: clean (or transient — attention=0, stale_hb_new=0)
2026-05-28 06:17:19,071 INFO loop_a: clean (or transient — attention=0, stale_hb_new=0)
2026-05-28 06:19:21,871 INFO loop_a: clean (or transient — attention=0, stale_hb_new=0)
2026-05-28 06:21:24,516 INFO loop_a: clean (or transient — attention=0, stale_hb_new=0)
2026-05-28 06:23:27,021 INFO loop_a: clean (or transient — attention=0, stale_hb_new=0)
2026-05-28 06:25:29,697 INFO loop_a: clean (or transient — attention=0, stale_hb_new=0)
2026-05-28 06:27:32,369 INFO loop_a: clean (or transient — attention=0, stale_hb_new=0)
2026-05-28 06:29:35,438 INFO loop_a: clean (or transient — attention=0, stale_hb_new=0)
2026-05-28 06:31:37,958 INFO loop_a: clean (or transient — attention=0, stale_hb_new=0)
2026-05-28 06:33:41,031 INFO loop_a: clean (or transient — attention=0, stale_hb_new=0)
2026-05-28 06:34:16,776 INFO loop_c: no new messages to tag
2026-05-28 06:34:42,151 INFO loop_b observation: Memory hygiene: • memory: index 24,641 bytes (over 24KB) • memory: 1 index entries >200 chars • memory: 20 dead [[backlinks]] • memory: 15 files missing from index
2026-05-28 06:35:43,436 INFO loop_a: clean (or transient — attention=0, stale_hb_new=0)
2026-05-28 06:37:46,358 INFO loop_a: clean (or transient — attention=0, stale_hb_new=0)
2026-05-28 06:39:49,298 INFO loop_a: clean (or transient — attention=0, stale_hb_new=0)
2026-05-28 06:41:51,866 INFO loop_a: clean (or transient — attention=0, stale_hb_new=0)
2026-05-28 06:43:54,642 INFO loop_a: clean (or transient — attention=0, stale_hb_new=0)
2026-05-28 06:45:57,306 INFO loop_a: clean (or transient — attention=0, stale_hb_new=0)
2026-05-28 06:47:59,924 INFO loop_a: clean (or transient — attention=0, stale_hb_new=0)
2026-05-28 06:50:02,479 INFO loop_a: clean (or transient — attention=0, stale_hb_new=0)
2026-05-28 06:52:04,742 INFO loop_a: clean (or transient — attention=0, stale_hb_new=0)
2026-05-28 06:54:07,496 INFO loop_a: clean (or transient — attention=0, stale_hb_new=0)
2026-05-28 06:56:09,774 INFO loop_a: clean (or transient — attention=0, stale_hb_new=0)
2026-05-28 06:58:11,074 INFO loop_a: clean (or transient — attention=0, stale_hb_new=0)
2026-05-28 07:00:12,233 INFO loop_a: clean (or transient — attention=0, stale_hb_new=0)
2026-05-28 07:02:13,532 INFO loop_a: clean (or transient — attention=0, stale_hb_new=0)
2026-05-28 07:04:14,713 INFO loop_a: clean (or transient — attention=0, stale_hb_new=0)
2026-05-28 07:04:45,008 INFO loop_b observation: Memory hygiene: • memory: index 24,641 bytes (over 24KB) • memory: 1 index entries >200 chars • memory: 20 dead [[backlinks]] • memory: 15 files missing from index
2026-05-28 07:06:15,912 INFO loop_a: clean (or transient — attention=0, stale_hb_new=0)
2026-05-28 07:08:17,202 INFO loop_a: clean (or transient — attention=0, stale_hb_new=0)
2026-05-28 07:10:18,446 INFO loop_a: clean (or transient — attention=0, stale_hb_new=0)
2026-05-28 07:12:19,637 INFO loop_a: clean (or transient — attention=0, stale_hb_new=0)
2026-05-28 07:14:21,049 INFO loop_a: clean (or transient — attention=0, stale_hb_new=0)
2026-05-28 07:16:22,362 INFO loop_a: clean (or transient — attention=0, stale_hb_new=0)
2026-05-28 07:18:23,527 INFO loop_a: clean (or transient — attention=0, stale_hb_new=0)
2026-05-28 07:20:24,870 INFO loop_a: clean (or transient — attention=0, stale_hb_new=0)
2026-05-28 07:22:26,439 INFO loop_a: clean (or transient — attention=0, stale_hb_new=0)
2026-05-28 07:24:28,437 INFO loop_a: clean (or transient — attention=0, stale_hb_new=0)
2026-05-28 07:26:29,673 INFO loop_a: clean (or transient — attention=0, stale_hb_new=0)
2026-05-28 07:28:30,924 INFO loop_a: clean (or transient — attention=0, stale_hb_new=0)
2026-05-28 07:30:32,160 INFO loop_a: clean (or transient — attention=0, stale_hb_new=0)
2026-05-28 07:32:33,465 INFO loop_a: clean (or transient — attention=0, stale_hb_new=0)
2026-05-28 07:34:19,541 INFO loop_c: no new messages to tag
2026-05-28 07:34:34,660 INFO loop_a: clean (or transient — attention=0, stale_hb_new=0)
2026-05-28 07:34:49,821 INFO loop_b observation: Memory hygiene: • memory: index 24,641 bytes (over 24KB) • memory: 1 index entries >200 chars • memory: 20 dead [[backlinks]] • memory: 15 files missing from index
2026-05-28 07:36:36,002 INFO loop_a: clean (or transient — attention=0, stale_hb_new=0)
2026-05-28 07:38:37,264 INFO loop_a: clean (or transient — attention=0, stale_hb_new=0)
2026-05-28 07:40:38,578 INFO loop_a: clean (or transient — attention=0, stale_hb_new=0)
2026-05-28 07:42:39,889 INFO loop_a: clean (or transient — attention=0, stale_hb_new=0)
2026-05-28 07:44:40,976 INFO loop_a: clean (or transient — attention=0, stale_hb_new=0)
2026-05-28 07:46:42,411 INFO loop_a: clean (or transient — attention=0, stale_hb_new=0)
2026-05-28 07:48:43,533 INFO loop_a: clean (or transient — attention=0, stale_hb_new=0)
2026-05-28 07:50:44,887 INFO loop_a: clean (or transient — attention=0, stale_hb_new=0)
2026-05-28 07:52:46,181 INFO loop_a: clean (or transient — attention=0, stale_hb_new=0)
2026-05-28 07:54:47,440 INFO loop_a: clean (or transient — attention=0, stale_hb_new=0)
2026-05-28 07:56:48,522 INFO loop_a: clean (or transient — attention=0, stale_hb_new=0)
2026-05-28 07:58:49,908 INFO loop_a: clean (or transient — attention=0, stale_hb_new=0)
2026-05-28 08:00:51,255 INFO loop_a: clean (or transient — attention=0, stale_hb_new=0)
2026-05-28 08:02:53,720 INFO loop_a: clean (or transient — attention=0, stale_hb_new=0)
2026-05-28 08:04:51,311 INFO loop_b observation: Memory hygiene: • memory: index 24,641 bytes (over 24KB) • memory: 1 index entries >200 chars • memory: 20 dead [[backlinks]] • memory: 15 files missing from index
2026-05-28 08:04:56,467 INFO loop_a: clean (or transient — attention=0, stale_hb_new=0)
2026-05-28 08:06:57,875 INFO loop_a: clean (or transient — attention=0, stale_hb_new=0)
2026-05-28 08:08:58,980 INFO loop_a: clean (or transient — attention=0, stale_hb_new=0)
2026-05-28 08:11:00,251 INFO loop_a: clean (or transient — attention=0, stale_hb_new=0)
2026-05-28 08:13:01,475 INFO loop_a: clean (or transient — attention=0, stale_hb_new=0)
2026-05-28 08:15:02,556 INFO loop_a: clean (or transient — attention=0, stale_hb_new=0)
2026-05-28 08:17:03,852 INFO loop_a: clean (or transient — attention=0, stale_hb_new=0)
2026-05-28 08:19:05,173 INFO loop_a: clean (or transient — attention=0, stale_hb_new=0)
2026-05-28 08:21:06,489 INFO loop_a: clean (or transient — attention=0, stale_hb_new=0)
2026-05-28 08:23:07,654 INFO loop_a: clean (or transient — attention=0, stale_hb_new=0)
2026-05-28 08:25:08,755 INFO loop_a: clean (or transient — attention=0, stale_hb_new=0)
2026-05-28 08:27:10,021 INFO loop_a: clean (or transient — attention=0, stale_hb_new=0)
2026-05-28 08:29:11,449 INFO loop_a: clean (or transient — attention=0, stale_hb_new=0)
2026-05-28 08:31:12,640 INFO loop_a: clean (or transient — attention=0, stale_hb_new=0)
2026-05-28 08:33:13,779 INFO loop_a: clean (or transient — attention=0, stale_hb_new=0)
2026-05-28 08:34:24,497 INFO loop_c: no new messages to tag
2026-05-28 08:34:54,897 INFO loop_b observation: Memory hygiene: • memory: index 24,641 bytes (over 24KB) • memory: 1 index entries >200 chars • memory: 20 dead [[backlinks]] • memory: 15 files missing from index
2026-05-28 08:35:15,032 INFO loop_a: clean (or transient — attention=0, stale_hb_new=0)
2026-05-28 08:37:16,186 INFO loop_a: clean (or transient — attention=0, stale_hb_new=0)
2026-05-28 08:39:17,635 INFO loop_a: clean (or transient — attention=0, stale_hb_new=0)
2026-05-28 08:41:18,779 INFO loop_a: clean (or transient — attention=0, stale_hb_new=0)
2026-05-28 08:43:20,349 INFO loop_a: clean (or transient — attention=0, stale_hb_new=0)
2026-05-28 08:45:22,740 INFO loop_a: clean (or transient — attention=0, stale_hb_new=0)
2026-05-28 08:47:24,062 INFO loop_a: clean (or transient — attention=0, stale_hb_new=0)
2026-05-28 08:49:25,220 INFO loop_a: clean (or transient — attention=0, stale_hb_new=0)
2026-05-28 08:51:26,648 INFO loop_a: clean (or transient — attention=0, stale_hb_new=0)
2026-05-28 08:53:27,787 INFO loop_a: clean (or transient — attention=0, stale_hb_new=0)
2026-05-28 08:55:29,169 INFO loop_a: clean (or transient — attention=0, stale_hb_new=0)
2026-05-28 08:57:30,377 INFO loop_a: clean (or transient — attention=0, stale_hb_new=0)
2026-05-28 08:59:31,710 INFO loop_a: clean (or transient — attention=0, stale_hb_new=0)
2026-05-28 09:01:32,994 INFO loop_a: clean (or transient — attention=0, stale_hb_new=0)
2026-05-28 09:03:34,085 INFO loop_a: clean (or transient — attention=0, stale_hb_new=0)
2026-05-28 09:04:55,027 INFO loop_b observation: Memory hygiene: • memory: index 24,641 bytes (over 24KB) • memory: 1 index entries >200 chars • memory: 20 dead [[backlinks]] • memory: 15 files missing from index
2026-05-28 09:05:35,424 INFO loop_a: clean (or transient — attention=0, stale_hb_new=0)
2026-05-28 09:07:36,716 INFO loop_a: clean (or transient — attention=0, stale_hb_new=0)
2026-05-28 09:09:38,033 INFO loop_a: clean (or transient — attention=0, stale_hb_new=0)
2026-05-28 09:11:39,373 INFO loop_a: clean (or transient — attention=0, stale_hb_new=0)
2026-05-28 09:13:40,574 INFO loop_a: clean (or transient — attention=0, stale_hb_new=0)
2026-05-28 09:15:41,780 INFO loop_a: clean (or transient — attention=0, stale_hb_new=0)
2026-05-28 09:17:43,011 INFO loop_a: clean (or transient — attention=0, stale_hb_new=0)
2026-05-28 09:19:44,876 INFO loop_a: clean (or transient — attention=0, stale_hb_new=0)
2026-05-28 09:21:46,049 INFO loop_a: clean (or transient — attention=0, stale_hb_new=0)
2026-05-28 09:23:47,292 INFO loop_a: clean (or transient — attention=0, stale_hb_new=0)
2026-05-28 09:25:48,624 INFO loop_a: clean (or transient — attention=0, stale_hb_new=0)
2026-05-28 09:27:50,019 INFO loop_a: clean (or transient — attention=0, stale_hb_new=0)
2026-05-28 09:29:51,258 INFO loop_a: clean (or transient — attention=0, stale_hb_new=0)
2026-05-28 09:31:52,250 INFO loop_a: clean (or transient — attention=0, stale_hb_new=0)
2026-05-28 09:33:53,299 INFO loop_a: clean (or transient — attention=0, stale_hb_new=0)
2026-05-28 09:34:28,705 INFO loop_c: no new messages to tag
2026-05-28 09:34:59,132 INFO loop_b observation: Memory hygiene: • memory: index 24,641 bytes (over 24KB) • memory: 1 index entries >200 chars • memory: 20 dead [[backlinks]] • memory: 15 files missing from index
2026-05-28 09:35:54,749 INFO loop_a: clean (or transient — attention=0, stale_hb_new=0)
2026-05-28 09:37:55,725 INFO loop_a: clean (or transient — attention=0, stale_hb_new=0)
2026-05-28 09:39:56,860 INFO loop_a: clean (or transient — attention=0, stale_hb_new=0)
2026-05-28 09:41:58,014 INFO loop_a: clean (or transient — attention=0, stale_hb_new=0)
2026-05-28 09:44:00,167 INFO loop_a: clean (or transient — attention=0, stale_hb_new=0)
2026-05-28 09:46:01,357 INFO loop_a: clean (or transient — attention=0, stale_hb_new=0)
2026-05-28 09:48:02,476 INFO loop_a: clean (or transient — attention=0, stale_hb_new=0)
2026-05-28 09:50:04,464 INFO loop_a: clean (or transient — attention=0, stale_hb_new=0)
2026-05-28 09:52:06,814 INFO loop_a: clean (or transient — attention=0, stale_hb_new=0)
2026-05-28 09:54:09,242 INFO loop_a: clean (or transient — attention=0, stale_hb_new=0)
2026-05-28 09:56:12,106 INFO loop_a: clean (or transient — attention=0, stale_hb_new=0)
2026-05-28 09:58:14,423 INFO loop_a: clean (or transient — attention=0, stale_hb_new=0)
2026-05-28 10:00:15,850 INFO loop_a: clean (or transient — attention=0, stale_hb_new=0)
2026-05-28 10:02:17,128 INFO loop_a: clean (or transient — attention=0, stale_hb_new=0)
2026-05-28 10:04:18,353 INFO loop_a: clean (or transient — attention=0, stale_hb_new=0)
2026-05-28 10:05:03,876 INFO loop_b observation: Memory hygiene: • memory: index 24,641 bytes (over 24KB) • memory: 1 index entries >200 chars • memory: 20 dead [[backlinks]] • memory: 15 files missing from index
2026-05-28 10:06:20,635 INFO loop_a: clean (or transient — attention=0, stale_hb_new=0)
2026-05-28 10:08:22,255 INFO loop_a: clean (or transient — attention=0, stale_hb_new=0)
2026-05-28 10:10:23,315 INFO loop_a: clean (or transient — attention=0, stale_hb_new=0)
2026-05-28 10:12:24,617 INFO loop_a: clean (or transient — attention=0, stale_hb_new=0)
2026-05-28 10:14:26,061 INFO loop_a: clean (or transient — attention=0, stale_hb_new=0)
2026-05-28 10:16:27,267 INFO loop_a: clean (or transient — attention=0, stale_hb_new=0)
2026-05-28 10:18:29,248 INFO loop_a: clean (or transient — attention=0, stale_hb_new=0)
2026-05-28 10:20:30,438 INFO loop_a: clean (or transient — attention=0, stale_hb_new=0)
2026-05-28 10:22:31,780 INFO loop_a: clean (or transient — attention=0, stale_hb_new=0)
2026-05-28 10:24:33,984 INFO loop_a: clean (or transient — attention=0, stale_hb_new=0)
2026-05-28 10:26:36,596 INFO loop_a: clean (or transient — attention=0, stale_hb_new=0)
2026-05-28 10:28:38,493 INFO loop_a: clean (or transient — attention=0, stale_hb_new=0)
2026-05-28 10:30:39,595 INFO loop_a: clean (or transient — attention=0, stale_hb_new=0)
2026-05-28 10:32:40,753 INFO loop_a: clean (or transient — attention=0, stale_hb_new=0)
2026-05-28 10:34:31,978 INFO loop_c: no new messages to tag
2026-05-28 10:34:42,116 INFO loop_a: clean (or transient — attention=0, stale_hb_new=0)
2026-05-28 10:35:07,459 INFO loop_b observation: Memory hygiene: • memory: index 24,641 bytes (over 24KB) • memory: 1 index entries >200 chars • memory: 20 dead [[backlinks]] • memory: 15 files missing from index
2026-05-28 10:36:43,355 INFO loop_a: clean (or transient — attention=0, stale_hb_new=0)
2026-05-28 10:38:44,541 INFO loop_a: clean (or transient — attention=0, stale_hb_new=0)
2026-05-28 10:40:45,913 INFO loop_a: clean (or transient — attention=0, stale_hb_new=0)
2026-05-28 10:42:46,996 INFO loop_a: clean (or transient — attention=0, stale_hb_new=0)
2026-05-28 10:44:48,404 INFO loop_a: clean (or transient — attention=0, stale_hb_new=0)
2026-05-28 10:46:49,843 INFO loop_a: clean (or transient — attention=0, stale_hb_new=0)
2026-05-28 10:48:51,287 INFO loop_a: clean (or transient — attention=0, stale_hb_new=0)
2026-05-28 10:50:52,633 INFO loop_a: clean (or transient — attention=0, stale_hb_new=0)
2026-05-28 10:52:53,920 INFO loop_a: clean (or transient — attention=0, stale_hb_new=0)
2026-05-28 10:54:55,248 INFO loop_a: clean (or transient — attention=0, stale_hb_new=0)
2026-05-28 10:56:56,413 INFO loop_a: clean (or transient — attention=0, stale_hb_new=0)
2026-05-28 10:58:58,076 INFO loop_a: clean (or transient — attention=0, stale_hb_new=0)
2026-05-28 11:01:00,709 INFO loop_a: clean (or transient — attention=0, stale_hb_new=0)
2026-05-28 11:03:03,651 INFO loop_a: clean (or transient — attention=0, stale_hb_new=0)
2026-05-28 11:05:06,250 INFO loop_a: clean (or transient — attention=0, stale_hb_new=0)
2026-05-28 11:05:11,429 INFO loop_b observation: Memory hygiene: • memory: 20 dead [[backlinks]] • memory: 16 files missing from index
2026-05-28 11:07:08,624 INFO loop_a: clean (or transient — attention=0, stale_hb_new=0)
2026-05-28 11:09:11,231 INFO loop_a: clean (or transient — attention=0, stale_hb_new=0)
2026-05-28 11:11:14,147 INFO loop_a: clean (or transient — attention=0, stale_hb_new=0)
2026-05-28 11:13:15,338 INFO loop_a: clean (or transient — attention=0, stale_hb_new=0)
2026-05-28 11:15:16,656 INFO loop_a: clean (or transient — attention=0, stale_hb_new=0)
2026-05-28 11:17:18,048 INFO loop_a: clean (or transient — attention=0, stale_hb_new=0)
2026-05-28 11:19:19,304 INFO loop_a: clean (or transient — attention=0, stale_hb_new=0)
2026-05-28 11:21:20,701 INFO loop_a: clean (or transient — attention=0, stale_hb_new=0)
2026-05-28 11:23:21,999 INFO loop_a: clean (or transient — attention=0, stale_hb_new=0)
2026-05-28 11:25:23,323 INFO loop_a: clean (or transient — attention=0, stale_hb_new=0)
2026-05-28 11:27:24,535 INFO loop_a: clean (or transient — attention=0, stale_hb_new=0)
2026-05-28 11:29:25,777 INFO loop_a: clean (or transient — attention=0, stale_hb_new=0)
2026-05-28 11:31:26,940 INFO loop_a: clean (or transient — attention=0, stale_hb_new=0)
2026-05-28 11:33:28,283 INFO loop_a: clean (or transient — attention=0, stale_hb_new=0)
2026-05-28 11:34:33,965 INFO loop_c: no new messages to tag
2026-05-28 11:35:14,445 INFO loop_b observation: Memory hygiene: • memory: 20 dead [[backlinks]] • memory: 16 files missing from index
2026-05-28 11:35:29,673 INFO loop_a: clean (or transient — attention=0, stale_hb_new=0)
2026-05-28 11:37:30,939 INFO loop_a: clean (or transient — attention=0, stale_hb_new=0)
2026-05-28 11:39:32,213 INFO loop_a: clean (or transient — attention=0, stale_hb_new=0)
2026-05-28 11:41:33,320 INFO loop_a: clean (or transient — attention=0, stale_hb_new=0)
2026-05-28 11:43:34,412 INFO loop_a: clean (or transient — attention=0, stale_hb_new=0)
2026-05-28 11:45:35,450 INFO loop_a: clean (or transient — attention=0, stale_hb_new=0)
2026-05-28 11:47:36,768 INFO loop_a: clean (or transient — attention=0, stale_hb_new=0)
2026-05-28 11:49:38,102 INFO loop_a: clean (or transient — attention=0, stale_hb_new=0)
2026-05-28 11:51:39,341 INFO loop_a: clean (or transient — attention=0, stale_hb_new=0)
2026-05-28 11:53:40,678 INFO loop_a: clean (or transient — attention=0, stale_hb_new=0)
2026-05-28 11:55:53,126 INFO loop_a: clean (or transient — attention=0, stale_hb_new=0)
2026-05-28 11:57:54,503 INFO loop_a: clean (or transient — attention=0, stale_hb_new=0)
2026-05-28 11:59:55,685 INFO loop_a: clean (or transient — attention=0, stale_hb_new=0)
2026-05-28 12:01:56,997 INFO loop_a: clean (or transient — attention=0, stale_hb_new=0)
2026-05-28 12:03:58,172 INFO loop_a: clean (or transient — attention=0, stale_hb_new=0)
2026-05-28 12:05:29,166 INFO loop_b observation: Memory hygiene: • memory: 20 dead [[backlinks]] • memory: 16 files missing from index
2026-05-28 12:05:59,476 INFO loop_a: clean (or transient — attention=0, stale_hb_new=0)
2026-05-28 12:08:00,695 INFO loop_a: clean (or transient — attention=0, stale_hb_new=0)
2026-05-28 12:10:03,009 INFO loop_a: clean (or transient — attention=0, stale_hb_new=0)
2026-05-28 12:12:05,903 INFO loop_a: clean (or transient — attention=0, stale_hb_new=0)
2026-05-28 12:14:08,921 INFO loop_a: clean (or transient — attention=0, stale_hb_new=0)
2026-05-28 12:16:11,904 INFO loop_a: clean (or transient — attention=0, stale_hb_new=0)
2026-05-28 12:18:14,860 INFO loop_a: clean (or transient — attention=0, stale_hb_new=0)
2026-05-28 12:20:17,558 INFO loop_a: clean (or transient — attention=0, stale_hb_new=0)
2026-05-28 12:22:20,134 INFO loop_a: clean (or transient — attention=0, stale_hb_new=0)
2026-05-28 12:24:21,474 INFO loop_a: clean (or transient — attention=0, stale_hb_new=0)
2026-05-28 12:26:22,858 INFO loop_a: clean (or transient — attention=0, stale_hb_new=0)
2026-05-28 12:28:24,071 INFO loop_a: clean (or transient — attention=0, stale_hb_new=0)
2026-05-28 12:30:25,362 INFO loop_a: clean (or transient — attention=0, stale_hb_new=0)
2026-05-28 12:32:26,610 INFO loop_a: clean (or transient — attention=0, stale_hb_new=0)
2026-05-28 12:34:27,922 INFO loop_a: clean (or transient — attention=0, stale_hb_new=0)
2026-05-28 12:34:48,180 INFO loop_c: no new messages to tag
2026-05-28 12:35:33,638 INFO loop_b observation: Memory hygiene: • memory: 20 dead [[backlinks]] • memory: 16 files missing from index
2026-05-28 12:36:29,100 INFO loop_a: clean (or transient — attention=0, stale_hb_new=0)
2026-05-28 12:38:30,429 INFO loop_a: clean (or transient — attention=0, stale_hb_new=0)
2026-05-28 12:40:31,567 INFO loop_a: clean (or transient — attention=0, stale_hb_new=0)
2026-05-28 12:42:32,744 INFO loop_a: clean (or transient — attention=0, stale_hb_new=0)
2026-05-28 12:44:34,072 INFO loop_a: clean (or transient — attention=0, stale_hb_new=0)
2026-05-28 12:46:35,218 INFO loop_a: clean (or transient — attention=0, stale_hb_new=0)
2026-05-28 12:48:36,482 INFO loop_a: clean (or transient — attention=0, stale_hb_new=0)
2026-05-28 12:50:37,703 INFO loop_a: clean (or transient — attention=0, stale_hb_new=0)
2026-05-28 12:52:38,816 INFO loop_a: clean (or transient — attention=0, stale_hb_new=0)
2026-05-28 12:54:40,007 INFO loop_a: clean (or transient — attention=0, stale_hb_new=0)
2026-05-28 12:56:41,057 INFO loop_a: clean (or transient — attention=0, stale_hb_new=0)
2026-05-28 12:58:42,090 INFO loop_a: clean (or transient — attention=0, stale_hb_new=0)
2026-05-28 13:00:43,289 INFO loop_a: clean (or transient — attention=0, stale_hb_new=0)
2026-05-28 13:02:44,831 INFO loop_a: clean (or transient — attention=0, stale_hb_new=0)
2026-05-28 13:04:47,052 INFO loop_a: clean (or transient — attention=0, stale_hb_new=0)
2026-05-28 13:05:37,961 INFO loop_b observation: Memory hygiene: • memory: 20 dead [[backlinks]] • memory: 16 files missing from index
2026-05-28 13:06:49,309 INFO loop_a: clean (or transient — attention=0, stale_hb_new=0)
2026-05-28 13:08:51,808 INFO loop_a: clean (or transient — attention=0, stale_hb_new=0)
2026-05-28 13:10:54,690 INFO loop_a: clean (or transient — attention=0, stale_hb_new=0)
2026-05-28 13:12:57,444 INFO loop_a: clean (or transient — attention=0, stale_hb_new=0)
2026-05-28 13:15:00,173 INFO loop_a: clean (or transient — attention=0, stale_hb_new=0)
2026-05-28 13:17:02,649 INFO loop_a: clean (or transient — attention=0, stale_hb_new=0)
2026-05-28 13:19:05,101 INFO loop_a: clean (or transient — attention=0, stale_hb_new=0)
2026-05-28 13:21:07,566 INFO loop_a: clean (or transient — attention=0, stale_hb_new=0)
2026-05-28 13:23:09,998 INFO loop_a: clean (or transient — attention=0, stale_hb_new=0)
2026-05-28 13:25:12,759 INFO loop_a: clean (or transient — attention=0, stale_hb_new=0)
2026-05-28 13:27:15,073 INFO loop_a: clean (or transient — attention=0, stale_hb_new=0)
2026-05-28 13:29:17,233 INFO loop_a: clean (or transient — attention=0, stale_hb_new=0)
2026-05-28 13:31:19,247 INFO loop_a: clean (or transient — attention=0, stale_hb_new=0)
2026-05-28 13:33:21,915 INFO loop_a: clean (or transient — attention=0, stale_hb_new=0)
2026-05-28 13:34:48,603 INFO loop_c: no new messages to tag
2026-05-28 13:35:24,214 INFO loop_a: clean (or transient — attention=0, stale_hb_new=0)
2026-05-28 13:35:39,399 INFO loop_b observation: Memory hygiene: • memory: 20 dead [[backlinks]] • memory: 16 files missing from index
2026-05-28 13:37:27,031 INFO loop_a: clean (or transient — attention=0, stale_hb_new=0)
2026-05-28 13:39:29,831 INFO loop_a: clean (or transient — attention=0, stale_hb_new=0)
2026-05-28 13:41:32,556 INFO loop_a: clean (or transient — attention=0, stale_hb_new=0)
2026-05-28 13:43:35,363 INFO loop_a: clean (or transient — attention=0, stale_hb_new=0)
2026-05-28 13:45:38,248 INFO loop_a: clean (or transient — attention=0, stale_hb_new=0)
2026-05-28 13:47:40,947 INFO loop_a: clean (or transient — attention=0, stale_hb_new=0)
2026-05-28 13:49:43,466 INFO loop_a: clean (or transient — attention=0, stale_hb_new=0)
2026-05-28 13:51:46,129 INFO loop_a: clean (or transient — attention=0, stale_hb_new=0)
2026-05-28 13:53:48,732 INFO loop_a: clean (or transient — attention=0, stale_hb_new=0)
2026-05-28 13:55:51,392 INFO loop_a: clean (or transient — attention=0, stale_hb_new=0)
2026-05-28 13:57:54,288 INFO loop_a: clean (or transient — attention=0, stale_hb_new=0)
2026-05-28 13:59:56,723 INFO loop_a: clean (or transient — attention=0, stale_hb_new=0)
2026-05-28 14:01:59,496 INFO loop_a: clean (or transient — attention=0, stale_hb_new=0)
2026-05-28 14:04:01,848 INFO loop_a: clean (or transient — attention=0, stale_hb_new=0)
2026-05-28 14:05:44,322 INFO loop_b observation: Memory hygiene: • memory: 20 dead [[backlinks]] • memory: 16 files missing from index
2026-05-28 14:06:04,829 INFO loop_a: clean (or transient — attention=0, stale_hb_new=0)
2026-05-28 14:08:07,254 INFO loop_a: clean (or transient — attention=0, stale_hb_new=0)
2026-05-28 14:10:09,525 INFO loop_a: clean (or transient — attention=0, stale_hb_new=0)
2026-05-28 14:12:12,105 INFO loop_a: clean (or transient — attention=0, stale_hb_new=0)
2026-05-28 14:14:14,663 INFO loop_a: clean (or transient — attention=0, stale_hb_new=0)
2026-05-28 14:16:17,205 INFO loop_a: clean (or transient — attention=0, stale_hb_new=0)
2026-05-28 14:18:19,785 INFO loop_a: clean (or transient — attention=0, stale_hb_new=0)
2026-05-28 14:20:22,468 INFO loop_a: clean (or transient — attention=0, stale_hb_new=0)
2026-05-28 14:22:25,268 INFO loop_a: clean (or transient — attention=0, stale_hb_new=0)
2026-05-28 14:24:27,906 INFO loop_a: clean (or transient — attention=0, stale_hb_new=0)
2026-05-28 14:26:30,266 INFO loop_a: clean (or transient — attention=0, stale_hb_new=0)
2026-05-28 14:28:33,023 INFO loop_a: clean (or transient — attention=0, stale_hb_new=0)
2026-05-28 14:30:35,670 INFO loop_a: clean (or transient — attention=0, stale_hb_new=0)
2026-05-28 14:32:38,324 INFO loop_a: clean (or transient — attention=0, stale_hb_new=0)
2026-05-28 14:34:41,033 INFO loop_a: clean (or transient — attention=0, stale_hb_new=0)
2026-05-28 14:34:51,154 INFO loop_c: no new messages to tag
2026-05-28 14:35:47,167 INFO loop_b observation: Memory hygiene: • memory: 20 dead [[backlinks]] • memory: 16 files missing from index
2026-05-28 14:36:43,543 INFO loop_a: clean (or transient — attention=0, stale_hb_new=0)
2026-05-28 14:38:46,082 INFO loop_a: clean (or transient — attention=0, stale_hb_new=0)
2026-05-28 14:40:48,647 INFO loop_a: clean (or transient — attention=0, stale_hb_new=0)
2026-05-28 14:42:51,331 INFO loop_a: clean (or transient — attention=0, stale_hb_new=0)
2026-05-28 14:44:54,001 INFO loop_a: clean (or transient — attention=0, stale_hb_new=0)
2026-05-28 14:46:56,453 INFO loop_a: clean (or transient — attention=0, stale_hb_new=0)
2026-05-28 14:48:58,966 INFO loop_a: clean (or transient — attention=0, stale_hb_new=0)
2026-05-28 14:51:01,838 INFO loop_a: clean (or transient — attention=0, stale_hb_new=0)
2026-05-28 14:53:04,690 INFO loop_a: clean (or transient — attention=0, stale_hb_new=0)
2026-05-28 14:55:07,502 INFO loop_a: clean (or transient — attention=0, stale_hb_new=0)
2026-05-28 14:57:10,052 INFO loop_a: clean (or transient — attention=0, stale_hb_new=0)
2026-05-28 14:59:12,729 INFO loop_a: clean (or transient — attention=0, stale_hb_new=0)
2026-05-28 15:01:15,331 INFO loop_a: clean (or transient — attention=0, stale_hb_new=0)
2026-05-28 15:03:18,099 INFO loop_a: clean (or transient — attention=0, stale_hb_new=0)
2026-05-28 15:05:20,608 INFO loop_a: clean (or transient — attention=0, stale_hb_new=0)
2026-05-28 15:05:51,115 INFO loop_b observation: Memory hygiene: • memory: 20 dead [[backlinks]] • memory: 16 files missing from index
2026-05-28 15:07:22,755 INFO loop_a: clean (or transient — attention=0, stale_hb_new=0)
2026-05-28 15:09:25,621 INFO loop_a: clean (or transient — attention=0, stale_hb_new=0)
2026-05-28 15:11:28,013 INFO loop_a: clean (or transient — attention=0, stale_hb_new=0)
2026-05-28 15:13:30,556 INFO loop_a: clean (or transient — attention=0, stale_hb_new=0)
2026-05-28 15:15:33,101 INFO loop_a: clean (or transient — attention=0, stale_hb_new=0)
2026-05-28 15:17:35,520 INFO loop_a: clean (or transient — attention=0, stale_hb_new=0)
2026-05-28 15:19:37,224 INFO loop_a: clean (or transient — attention=0, stale_hb_new=0)
2026-05-28 15:21:39,590 INFO loop_a: clean (or transient — attention=0, stale_hb_new=0)
2026-05-28 15:23:42,482 INFO loop_a: clean (or transient — attention=0, stale_hb_new=0)
2026-05-28 15:25:44,943 INFO loop_a: clean (or transient — attention=0, stale_hb_new=0)
2026-05-28 15:27:47,645 INFO loop_a: clean (or transient — attention=0, stale_hb_new=0)
2026-05-28 15:29:49,972 INFO loop_a: clean (or transient — attention=0, stale_hb_new=0)
2026-05-28 15:31:52,454 INFO loop_a: clean (or transient — attention=0, stale_hb_new=0)
2026-05-28 15:33:54,969 INFO loop_a: clean (or transient — attention=0, stale_hb_new=0)
2026-05-28 15:34:51,240 INFO loop_c: no new messages to tag
2026-05-28 15:35:52,520 INFO loop_b observation: Memory hygiene: • memory: 20 dead [[backlinks]] • memory: 16 files missing from index
2026-05-28 15:35:57,535 INFO loop_a: clean (or transient — attention=0, stale_hb_new=0)
2026-05-28 15:38:00,231 INFO loop_a: clean (or transient — attention=0, stale_hb_new=0)
2026-05-28 15:40:02,866 INFO loop_a: clean (or transient — attention=0, stale_hb_new=0)
2026-05-28 15:42:05,457 INFO loop_a: clean (or transient — attention=0, stale_hb_new=0)
2026-05-28 15:44:08,001 INFO loop_a: clean (or transient — attention=0, stale_hb_new=0)
2026-05-28 15:46:10,647 INFO loop_a: clean (or transient — attention=0, stale_hb_new=0)
2026-05-28 15:48:13,340 INFO loop_a: clean (or transient — attention=0, stale_hb_new=0)
2026-05-28 15:50:15,845 INFO loop_a: clean (or transient — attention=0, stale_hb_new=0)
2026-05-28 15:52:18,451 INFO loop_a: clean (or transient — attention=0, stale_hb_new=0)
2026-05-28 15:54:21,062 INFO loop_a: clean (or transient — attention=0, stale_hb_new=0)
2026-05-28 15:56:24,096 INFO loop_a: clean (or transient — attention=0, stale_hb_new=0)
2026-05-28 15:58:26,688 INFO loop_a: clean (or transient — attention=0, stale_hb_new=0)
2026-05-28 16:00:29,122 INFO loop_a: clean (or transient — attention=0, stale_hb_new=0)
2026-05-28 16:02:31,685 INFO loop_a: clean (or transient — attention=0, stale_hb_new=0)
2026-05-28 16:04:33,876 INFO loop_a: clean (or transient — attention=0, stale_hb_new=0)
2026-05-28 16:05:55,482 INFO loop_b observation: Memory hygiene: • memory: 20 dead [[backlinks]] • memory: 16 files missing from index
2026-05-28 16:06:36,520 INFO loop_a: clean (or transient — attention=0, stale_hb_new=0)
2026-05-28 16:08:38,626 INFO loop_a: clean (or transient — attention=0, stale_hb_new=0)
2026-05-28 16:10:41,439 INFO loop_a: clean (or transient — attention=0, stale_hb_new=0)
2026-05-28 16:12:43,782 INFO loop_a: clean (or transient — attention=0, stale_hb_new=0)
2026-05-28 16:14:46,375 INFO loop_a: clean (or transient — attention=0, stale_hb_new=0)
2026-05-28 16:16:49,025 INFO loop_a: clean (or transient — attention=0, stale_hb_new=0)
2026-05-28 16:18:51,635 INFO loop_a: clean (or transient — attention=0, stale_hb_new=0)
2026-05-28 16:20:54,017 INFO loop_a: clean (or transient — attention=0, stale_hb_new=0)
2026-05-28 16:22:56,530 INFO loop_a: clean (or transient — attention=0, stale_hb_new=0)
2026-05-28 16:24:59,105 INFO loop_a: clean (or transient — attention=0, stale_hb_new=0)
2026-05-28 16:27:01,391 INFO loop_a: clean (or transient — attention=0, stale_hb_new=0)
2026-05-28 16:29:03,977 INFO loop_a: clean (or transient — attention=0, stale_hb_new=0)
2026-05-28 16:31:06,524 INFO loop_a: clean (or transient — attention=0, stale_hb_new=0)
2026-05-28 16:33:07,678 INFO loop_a: clean (or transient — attention=0, stale_hb_new=0)
2026-05-28 16:34:53,943 INFO loop_c: no new messages to tag
2026-05-28 16:35:09,128 INFO loop_a: clean (or transient — attention=0, stale_hb_new=0)
2026-05-28 16:35:59,632 INFO loop_b observation: Memory hygiene: • memory: 20 dead [[backlinks]] • memory: 16 files missing from index
2026-05-28 16:37:10,402 INFO loop_a: clean (or transient — attention=0, stale_hb_new=0)
2026-05-28 16:39:12,715 INFO loop_a: clean (or transient — attention=0, stale_hb_new=0)
2026-05-28 16:41:15,490 INFO loop_a: clean (or transient — attention=0, stale_hb_new=0)
2026-05-28 16:43:18,040 INFO loop_a: clean (or transient — attention=0, stale_hb_new=0)
2026-05-28 16:45:19,763 INFO loop_a: clean (or transient — attention=0, stale_hb_new=0)
2026-05-28 16:47:20,986 INFO loop_a: clean (or transient — attention=0, stale_hb_new=0)
2026-05-28 16:49:22,147 INFO loop_a: clean (or transient — attention=0, stale_hb_new=0)
2026-05-28 16:51:23,366 INFO loop_a: clean (or transient — attention=0, stale_hb_new=0)
2026-05-28 16:53:24,708 INFO loop_a: clean (or transient — attention=0, stale_hb_new=0)
2026-05-28 16:55:26,016 INFO loop_a: clean (or transient — attention=0, stale_hb_new=0)
2026-05-28 16:57:27,343 INFO loop_a: clean (or transient — attention=0, stale_hb_new=0)
2026-05-28 16:59:28,838 INFO loop_a: clean (or transient — attention=0, stale_hb_new=0)
2026-05-28 17:01:29,972 INFO loop_a: clean (or transient — attention=0, stale_hb_new=0)
2026-05-28 17:03:31,081 INFO loop_a: clean (or transient — attention=0, stale_hb_new=0)
2026-05-28 17:05:32,336 INFO loop_a: clean (or transient — attention=0, stale_hb_new=0)
2026-05-28 17:06:02,755 INFO loop_b observation: Memory hygiene: • memory: 20 dead [[backlinks]] • memory: 16 files missing from index
2026-05-28 17:07:33,892 INFO loop_a: clean (or transient — attention=0, stale_hb_new=0)
2026-05-28 17:09:35,089 INFO loop_a: clean (or transient — attention=0, stale_hb_new=0)
2026-05-28 17:11:36,396 INFO loop_a: clean (or transient — attention=0, stale_hb_new=0)
2026-05-28 17:13:37,584 INFO loop_a: clean (or transient — attention=0, stale_hb_new=0)
2026-05-28 17:15:38,657 INFO loop_a: clean (or transient — attention=0, stale_hb_new=0)
2026-05-28 17:17:39,913 INFO loop_a: clean (or transient — attention=0, stale_hb_new=0)
2026-05-28 17:19:41,040 INFO loop_a: clean (or transient — attention=0, stale_hb_new=0)
2026-05-28 17:21:42,198 INFO loop_a: clean (or transient — attention=0, stale_hb_new=0)
2026-05-28 17:23:43,543 INFO loop_a: clean (or transient — attention=0, stale_hb_new=0)
2026-05-28 17:25:44,674 INFO loop_a: clean (or transient — attention=0, stale_hb_new=0)
2026-05-28 17:27:45,822 INFO loop_a: clean (or transient — attention=0, stale_hb_new=0)
2026-05-28 17:29:47,035 INFO loop_a: clean (or transient — attention=0, stale_hb_new=0)
2026-05-28 17:31:48,359 INFO loop_a: clean (or transient — attention=0, stale_hb_new=0)
2026-05-28 17:33:49,582 INFO loop_a: clean (or transient — attention=0, stale_hb_new=0)
2026-05-28 17:34:55,282 INFO loop_c: no new messages to tag
2026-05-28 17:35:50,945 INFO loop_a: clean (or transient — attention=0, stale_hb_new=0)
2026-05-28 17:36:06,104 INFO loop_b observation: Memory hygiene: • memory: 20 dead [[backlinks]] • memory: 18 files missing from index
2026-05-28 17:37:52,226 INFO loop_a: clean (or transient — attention=0, stale_hb_new=0)
2026-05-28 17:39:53,515 INFO loop_a: clean (or transient — attention=0, stale_hb_new=0)
2026-05-28 17:41:54,580 INFO loop_a: clean (or transient — attention=0, stale_hb_new=0)
2026-05-28 17:43:55,874 INFO loop_a: clean (or transient — attention=0, stale_hb_new=0)
2026-05-28 17:45:57,272 INFO loop_a: clean (or transient — attention=0, stale_hb_new=0)
2026-05-28 17:47:58,743 INFO loop_a: clean (or transient — attention=0, stale_hb_new=0)
2026-05-28 17:50:00,104 INFO loop_a: clean (or transient — attention=0, stale_hb_new=0)
2026-05-28 17:52:01,140 INFO loop_a: clean (or transient — attention=0, stale_hb_new=0)
2026-05-28 17:54:02,408 INFO loop_a: clean (or transient — attention=0, stale_hb_new=0)
2026-05-28 17:56:03,540 INFO loop_a: clean (or transient — attention=0, stale_hb_new=0)
2026-05-28 17:58:04,738 INFO loop_a: clean (or transient — attention=0, stale_hb_new=0)
2026-05-28 18:00:05,880 INFO loop_a: clean (or transient — attention=0, stale_hb_new=0)
2026-05-28 18:02:06,960 INFO loop_a: clean (or transient — attention=0, stale_hb_new=0)
2026-05-28 18:04:08,158 INFO loop_a: clean (or transient — attention=0, stale_hb_new=0)
2026-05-28 18:06:09,297 INFO loop_a: clean (or transient — attention=0, stale_hb_new=0)
2026-05-28 18:06:09,321 INFO loop_b observation: Memory hygiene: • memory: 20 dead [[backlinks]] • memory: 18 files missing from index
2026-05-28 18:08:10,595 INFO loop_a: clean (or transient — attention=0, stale_hb_new=0)
2026-05-28 18:10:11,814 INFO loop_a: clean (or transient — attention=0, stale_hb_new=0)
2026-05-28 18:12:13,147 INFO loop_a: clean (or transient — attention=0, stale_hb_new=0)
2026-05-28 18:14:15,933 INFO loop_a: clean (or transient — attention=0, stale_hb_new=0)
2026-05-28 18:16:18,311 INFO loop_a: clean (or transient — attention=0, stale_hb_new=0)
2026-05-28 18:18:20,689 INFO loop_a: clean (or transient — attention=0, stale_hb_new=0)
2026-05-28 18:20:22,089 INFO loop_a: clean (or transient — attention=0, stale_hb_new=0)
2026-05-28 18:22:23,376 INFO loop_a: clean (or transient — attention=0, stale_hb_new=0)
2026-05-28 18:24:25,476 INFO loop_a: clean (or transient — attention=0, stale_hb_new=0)
2026-05-28 18:26:27,662 INFO loop_a: clean (or transient — attention=0, stale_hb_new=0)
2026-05-28 18:28:30,545 INFO loop_a: clean (or transient — attention=0, stale_hb_new=0)
2026-05-28 18:30:33,194 INFO loop_a: clean (or transient — attention=0, stale_hb_new=0)
2026-05-28 18:32:36,063 INFO loop_a: clean (or transient — attention=0, stale_hb_new=0)
2026-05-28 18:34:38,835 INFO loop_a: clean (or transient — attention=0, stale_hb_new=0)
2026-05-28 18:34:59,210 INFO loop_c: no new messages to tag
2026-05-28 18:36:10,700 INFO loop_b observation: Memory hygiene: • memory: index 24,673 bytes (over 24KB) • memory: 1 index entries >200 chars • memory: 20 dead [[backlinks]] • memory: 18 files missing from index
2026-05-28 18:36:41,447 INFO loop_a: clean (or transient — attention=0, stale_hb_new=0)
2026-05-28 18:38:43,897 INFO loop_a: clean (or transient — attention=0, stale_hb_new=0)
2026-05-28 18:40:46,674 INFO loop_a: clean (or transient — attention=0, stale_hb_new=0)
2026-05-28 18:42:49,376 INFO loop_a: clean (or transient — attention=0, stale_hb_new=0)
2026-05-28 18:44:51,794 INFO loop_a: clean (or transient — attention=0, stale_hb_new=0)
2026-05-28 18:46:54,381 INFO loop_a: clean (or transient — attention=0, stale_hb_new=0)
2026-05-28 18:48:57,146 INFO loop_a: clean (or transient — attention=0, stale_hb_new=0)
2026-05-28 18:50:59,856 INFO loop_a: clean (or transient — attention=0, stale_hb_new=0)
2026-05-28 18:53:02,384 INFO loop_a: clean (or transient — attention=0, stale_hb_new=0)
2026-05-28 18:55:04,484 INFO loop_a: clean (or transient — attention=0, stale_hb_new=0)
2026-05-28 18:57:06,829 INFO loop_a: clean (or transient — attention=0, stale_hb_new=0)
2026-05-28 18:59:09,134 INFO loop_a: clean (or transient — attention=0, stale_hb_new=0)
2026-05-28 19:01:11,520 INFO loop_a: clean (or transient — attention=0, stale_hb_new=0)
2026-05-28 19:03:14,136 INFO loop_a: clean (or transient — attention=0, stale_hb_new=0)
2026-05-28 19:05:16,987 INFO loop_a: clean (or transient — attention=0, stale_hb_new=0)
2026-05-28 19:06:13,317 INFO loop_b observation: Memory hygiene: • memory: index 24,627 bytes (over 24KB) • memory: 20 dead [[backlinks]] • memory: 18 files missing from index
2026-05-28 19:07:19,801 INFO loop_a: clean (or transient — attention=0, stale_hb_new=0)
2026-05-28 19:09:22,440 INFO loop_a: clean (or transient — attention=0, stale_hb_new=0)
2026-05-28 19:11:25,348 INFO loop_a: clean (or transient — attention=0, stale_hb_new=0)
2026-05-28 19:13:28,013 INFO loop_a: clean (or transient — attention=0, stale_hb_new=0)
2026-05-28 19:15:30,577 INFO loop_a: clean (or transient — attention=0, stale_hb_new=0)
2026-05-28 19:17:33,109 INFO loop_a: clean (or transient — attention=0, stale_hb_new=0)
2026-05-28 19:19:36,032 INFO loop_a: clean (or transient — attention=0, stale_hb_new=0)
2026-05-28 19:21:38,416 INFO loop_a: clean (or transient — attention=0, stale_hb_new=0)
2026-05-28 19:23:41,281 INFO loop_a: clean (or transient — attention=0, stale_hb_new=0)
2026-05-28 19:25:43,824 INFO loop_a: clean (or transient — attention=0, stale_hb_new=0)
2026-05-28 19:27:46,700 INFO loop_a: clean (or transient — attention=0, stale_hb_new=0)
2026-05-28 19:29:49,219 INFO loop_a: clean (or transient — attention=0, stale_hb_new=0)
2026-05-28 19:31:51,853 INFO loop_a: clean (or transient — attention=0, stale_hb_new=0)
2026-05-28 19:33:54,634 INFO loop_a: clean (or transient — attention=0, stale_hb_new=0)
2026-05-28 19:35:01,336 INFO loop_c: no new messages to tag
2026-05-28 19:35:57,798 INFO loop_a: clean (or transient — attention=0, stale_hb_new=0)
2026-05-28 19:36:18,343 INFO loop_b observation: Memory hygiene: • memory: index 24,627 bytes (over 24KB) • memory: 20 dead [[backlinks]] • memory: 18 files missing from index
2026-05-28 19:38:00,519 INFO loop_a: clean (or transient — attention=0, stale_hb_new=0)
2026-05-28 19:40:03,311 INFO loop_a: clean (or transient — attention=0, stale_hb_new=0)
2026-05-28 19:42:05,877 INFO loop_a: clean (or transient — attention=0, stale_hb_new=0)
2026-05-28 19:44:08,470 INFO loop_a: clean (or transient — attention=0, stale_hb_new=0)
2026-05-28 19:46:11,640 INFO loop_a: clean (or transient — attention=0, stale_hb_new=0)
2026-05-28 19:48:14,310 INFO loop_a: clean (or transient — attention=0, stale_hb_new=0)
2026-05-28 19:50:17,009 INFO loop_a: clean (or transient — attention=0, stale_hb_new=0)
2026-05-28 19:52:19,136 INFO loop_a: clean (or transient — attention=0, stale_hb_new=0)
2026-05-28 19:54:21,767 INFO loop_a: clean (or transient — attention=0, stale_hb_new=0)
2026-05-28 19:56:24,497 INFO loop_a: clean (or transient — attention=0, stale_hb_new=0)
2026-05-28 19:58:26,838 INFO loop_a: clean (or transient — attention=0, stale_hb_new=0)
2026-05-28 20:00:29,928 INFO loop_a: clean (or transient — attention=0, stale_hb_new=0)
2026-05-28 20:02:32,422 INFO loop_a: clean (or transient — attention=0, stale_hb_new=0)
2026-05-28 20:04:35,300 INFO loop_a: clean (or transient — attention=0, stale_hb_new=0)
2026-05-28 20:06:22,840 INFO loop_b observation: Memory hygiene: • memory: index 24,627 bytes (over 24KB) • memory: 20 dead [[backlinks]] • memory: 18 files missing from index
2026-05-28 20:06:38,230 INFO loop_a: clean (or transient — attention=0, stale_hb_new=0)
2026-05-28 20:08:40,989 INFO loop_a: clean (or transient — attention=0, stale_hb_new=0)
2026-05-28 20:10:43,719 INFO loop_a: clean (or transient — attention=0, stale_hb_new=0)
2026-05-28 20:12:46,260 INFO loop_a: clean (or transient — attention=0, stale_hb_new=0)
2026-05-28 20:14:48,727 INFO loop_a: clean (or transient — attention=0, stale_hb_new=0)
2026-05-28 20:16:51,443 INFO loop_a: clean (or transient — attention=0, stale_hb_new=0)
2026-05-28 20:18:54,236 INFO loop_a: clean (or transient — attention=0, stale_hb_new=0)
2026-05-28 20:20:56,851 INFO loop_a: clean (or transient — attention=0, stale_hb_new=0)
2026-05-28 20:22:59,765 INFO loop_a: clean (or transient — attention=0, stale_hb_new=0)
2026-05-28 20:25:01,979 INFO loop_a: clean (or transient — attention=0, stale_hb_new=0)
2026-05-28 20:27:04,605 INFO loop_a: clean (or transient — attention=0, stale_hb_new=0)
2026-05-28 20:29:07,249 INFO loop_a: clean (or transient — attention=0, stale_hb_new=0)
2026-05-28 20:31:08,669 INFO loop_a: clean (or transient — attention=0, stale_hb_new=0)
2026-05-28 20:33:10,036 INFO loop_a: clean (or transient — attention=0, stale_hb_new=0)
2026-05-28 20:35:06,367 INFO loop_c: no new messages to tag
2026-05-28 20:35:11,437 INFO loop_a: clean (or transient — attention=0, stale_hb_new=0)
2026-05-28 20:36:27,133 INFO loop_b observation: Memory hygiene: • memory: index 24,627 bytes (over 24KB) • memory: 20 dead [[backlinks]] • memory: 18 files missing from index
2026-05-28 20:37:12,610 INFO loop_a: clean (or transient — attention=0, stale_hb_new=0)
2026-05-28 20:39:13,799 INFO loop_a: clean (or transient — attention=0, stale_hb_new=0)
2026-05-28 20:41:15,326 INFO loop_a: clean (or transient — attention=0, stale_hb_new=0)
2026-05-28 20:43:16,682 INFO loop_a: clean (or transient — attention=0, stale_hb_new=0)
2026-05-28 20:45:18,681 INFO loop_a: clean (or transient — attention=0, stale_hb_new=0)
2026-05-28 20:47:20,008 INFO loop_a: clean (or transient — attention=0, stale_hb_new=0)
2026-05-28 20:49:21,334 INFO loop_a: clean (or transient — attention=0, stale_hb_new=0)
2026-05-28 20:51:22,761 INFO loop_a: clean (or transient — attention=0, stale_hb_new=0)
2026-05-28 20:53:24,171 INFO loop_a: clean (or transient — attention=0, stale_hb_new=0)
2026-05-28 20:55:25,631 INFO loop_a: clean (or transient — attention=0, stale_hb_new=0)
2026-05-28 20:57:28,372 INFO loop_a: clean (or transient — attention=0, stale_hb_new=0)
2026-05-28 20:59:31,063 INFO loop_a: clean (or transient — attention=0, stale_hb_new=0)
2026-05-28 21:01:33,879 INFO loop_a: clean (or transient — attention=0, stale_hb_new=0)
2026-05-28 21:03:36,792 INFO loop_a: clean (or transient — attention=0, stale_hb_new=0)
2026-05-28 21:05:39,275 INFO loop_a: clean (or transient — attention=0, stale_hb_new=0)
2026-05-28 21:06:30,605 INFO loop_b observation: Memory hygiene: • memory: index 24,627 bytes (over 24KB) • memory: 20 dead [[backlinks]] • memory: 19 files missing from index
2026-05-28 21:07:41,650 INFO loop_a: clean (or transient — attention=0, stale_hb_new=0)
2026-05-28 21:09:42,941 INFO loop_a: clean (or transient — attention=0, stale_hb_new=0)
2026-05-28 21:11:44,121 INFO loop_a: clean (or transient — attention=0, stale_hb_new=0)
2026-05-28 21:13:45,250 INFO loop_a: clean (or transient — attention=0, stale_hb_new=0)
2026-05-28 21:15:47,017 INFO loop_a: clean (or transient — attention=0, stale_hb_new=0)
2026-05-28 21:17:49,787 INFO loop_a: clean (or transient — attention=0, stale_hb_new=0)
2026-05-28 21:19:52,400 INFO loop_a: clean (or transient — attention=0, stale_hb_new=0)
2026-05-28 21:21:55,122 INFO loop_a: clean (or transient — attention=0, stale_hb_new=0)
2026-05-28 21:23:58,023 INFO loop_a: clean (or transient — attention=0, stale_hb_new=0)
2026-05-28 21:26:01,199 INFO loop_a: clean (or transient — attention=0, stale_hb_new=0)
2026-05-28 21:28:03,386 INFO loop_a: clean (or transient — attention=0, stale_hb_new=0)
2026-05-28 21:30:04,666 INFO loop_a: clean (or transient — attention=0, stale_hb_new=0)
2026-05-28 21:32:06,016 INFO loop_a: clean (or transient — attention=0, stale_hb_new=0)
2026-05-28 21:34:07,269 INFO loop_a: clean (or transient — attention=0, stale_hb_new=0)
2026-05-28 21:35:07,973 INFO loop_c: no new messages to tag
2026-05-28 21:36:08,577 INFO loop_a: clean (or transient — attention=0, stale_hb_new=0)
2026-05-28 21:36:33,857 INFO loop_b observation: Memory hygiene: • memory: 20 dead [[backlinks]]
2026-05-28 21:38:09,569 INFO loop_a: clean (or transient — attention=0, stale_hb_new=0)
2026-05-28 21:40:10,703 INFO loop_a: clean (or transient — attention=0, stale_hb_new=0)
2026-05-28 21:42:11,824 INFO loop_a: clean (or transient — attention=0, stale_hb_new=0)
2026-05-28 21:44:12,984 INFO loop_a: clean (or transient — attention=0, stale_hb_new=0)
2026-05-28 21:46:14,256 INFO loop_a: clean (or transient — attention=0, stale_hb_new=0)
2026-05-28 21:48:15,586 INFO loop_a: clean (or transient — attention=0, stale_hb_new=0)
2026-05-28 21:50:16,915 INFO loop_a: clean (or transient — attention=0, stale_hb_new=0)
2026-05-28 21:52:18,222 INFO loop_a: clean (or transient — attention=0, stale_hb_new=0)
2026-05-28 21:54:19,357 INFO loop_a: clean (or transient — attention=0, stale_hb_new=0)
2026-05-28 21:56:20,477 INFO loop_a: clean (or transient — attention=0, stale_hb_new=0)
2026-05-28 21:58:21,360 INFO loop_a: clean (or transient — attention=0, stale_hb_new=0)
2026-05-28 22:00:22,501 INFO loop_a: clean (or transient — attention=0, stale_hb_new=0)
2026-05-28 22:02:23,643 INFO loop_a: clean (or transient — attention=0, stale_hb_new=0)
2026-05-28 22:04:24,978 INFO loop_a: clean (or transient — attention=0, stale_hb_new=0)
2026-05-28 22:06:25,971 INFO loop_a: clean (or transient — attention=0, stale_hb_new=0)
2026-05-28 22:06:36,078 INFO loop_b observation: Memory hygiene: • memory: 20 dead [[backlinks]]
2026-05-28 22:08:27,175 INFO loop_a: clean (or transient — attention=0, stale_hb_new=0)
2026-05-28 22:10:28,242 INFO loop_a: clean (or transient — attention=0, stale_hb_new=0)
2026-05-28 22:12:29,452 INFO loop_a: clean (or transient — attention=0, stale_hb_new=0)
2026-05-28 22:14:30,468 INFO loop_a: clean (or transient — attention=0, stale_hb_new=0)
2026-05-28 22:16:31,797 INFO loop_a: clean (or transient — attention=0, stale_hb_new=0)
2026-05-28 22:18:32,753 INFO loop_a: clean (or transient — attention=0, stale_hb_new=0)
2026-05-28 22:20:33,768 INFO loop_a: clean (or transient — attention=0, stale_hb_new=0)
2026-05-28 22:22:34,870 INFO loop_a: clean (or transient — attention=0, stale_hb_new=0)
2026-05-28 22:24:36,088 INFO loop_a: clean (or transient — attention=0, stale_hb_new=0)
2026-05-28 22:26:37,297 INFO loop_a: clean (or transient — attention=0, stale_hb_new=0)
2026-05-28 22:28:38,493 INFO loop_a: clean (or transient — attention=0, stale_hb_new=0)
2026-05-28 22:30:39,532 INFO loop_a: clean (or transient — attention=0, stale_hb_new=0)
2026-05-28 22:32:40,392 INFO loop_a: clean (or transient — attention=0, stale_hb_new=0)
2026-05-28 22:34:41,569 INFO loop_a: clean (or transient — attention=0, stale_hb_new=0)
2026-05-28 22:35:11,815 INFO loop_c: no new messages to tag
2026-05-28 22:36:37,704 INFO loop_b observation: Memory hygiene: • memory: 20 dead [[backlinks]]
2026-05-28 22:36:42,746 INFO loop_a: clean (or transient — attention=0, stale_hb_new=0)
2026-05-28 22:38:43,885 INFO loop_a: clean (or transient — attention=0, stale_hb_new=0)
2026-05-28 22:40:44,676 INFO loop_a: clean (or transient — attention=0, stale_hb_new=0)
2026-05-28 22:42:45,594 INFO loop_a: clean (or transient — attention=0, stale_hb_new=0)
2026-05-28 22:44:46,765 INFO loop_a: clean (or transient — attention=0, stale_hb_new=0)
2026-05-28 22:46:48,133 INFO loop_a: clean (or transient — attention=0, stale_hb_new=0)
2026-05-28 22:48:49,320 INFO loop_a: clean (or transient — attention=0, stale_hb_new=0)
2026-05-28 22:50:51,234 INFO loop_a: clean (or transient — attention=0, stale_hb_new=0)
2026-05-28 22:52:52,138 INFO loop_a: clean (or transient — attention=0, stale_hb_new=0)
2026-05-28 22:54:53,240 INFO loop_a: clean (or transient — attention=0, stale_hb_new=0)
2026-05-28 22:56:54,501 INFO loop_a: clean (or transient — attention=0, stale_hb_new=0)
2026-05-28 22:58:55,801 INFO loop_a: clean (or transient — attention=0, stale_hb_new=0)
2026-05-28 23:00:57,553 INFO loop_a: clean (or transient — attention=0, stale_hb_new=0)
2026-05-28 23:02:59,589 INFO loop_a: clean (or transient — attention=0, stale_hb_new=0)
2026-05-28 23:05:01,676 INFO loop_a: clean (or transient — attention=0, stale_hb_new=0)
2026-05-28 23:06:38,195 INFO loop_b observation: Memory hygiene: • memory: 20 dead [[backlinks]]
2026-05-28 23:07:03,678 INFO loop_a: clean (or transient — attention=0, stale_hb_new=0)
2026-05-28 23:09:05,944 INFO loop_a: clean (or transient — attention=0, stale_hb_new=0)
2026-05-28 23:11:08,506 INFO loop_a: clean (or transient — attention=0, stale_hb_new=0)
2026-05-28 23:13:10,529 INFO loop_a: clean (or transient — attention=0, stale_hb_new=0)
2026-05-28 23:15:12,925 INFO loop_a: clean (or transient — attention=0, stale_hb_new=0)
2026-05-28 23:17:15,127 INFO loop_a: clean (or transient — attention=0, stale_hb_new=0)
2026-05-28 23:19:16,441 INFO loop_a: clean (or transient — attention=0, stale_hb_new=0)
2026-05-28 23:21:17,556 INFO loop_a: clean (or transient — attention=0, stale_hb_new=0)
2026-05-28 23:23:18,837 INFO loop_a: clean (or transient — attention=0, stale_hb_new=0)
2026-05-28 23:25:20,010 INFO loop_a: clean (or transient — attention=0, stale_hb_new=0)
2026-05-28 23:27:21,114 INFO loop_a: clean (or transient — attention=0, stale_hb_new=0)
2026-05-28 23:29:22,298 INFO loop_a: clean (or transient — attention=0, stale_hb_new=0)
2026-05-28 23:31:23,575 INFO loop_a: clean (or transient — attention=0, stale_hb_new=0)
2026-05-28 23:33:24,833 INFO loop_a: clean (or transient — attention=0, stale_hb_new=0)
2026-05-28 23:35:15,801 INFO loop_c: no new messages to tag
2026-05-28 23:35:26,096 INFO loop_a: clean (or transient — attention=0, stale_hb_new=0)
2026-05-28 23:36:42,317 INFO loop_b observation: Memory hygiene: • memory: 20 dead [[backlinks]]
2026-05-28 23:37:27,706 INFO loop_a: clean (or transient — attention=0, stale_hb_new=0)
2026-05-28 23:39:28,899 INFO loop_a: clean (or transient — attention=0, stale_hb_new=0)
2026-05-28 23:41:29,937 INFO loop_a: clean (or transient — attention=0, stale_hb_new=0)
2026-05-28 23:43:31,028 INFO loop_a: clean (or transient — attention=0, stale_hb_new=0)
2026-05-28 23:45:32,403 INFO loop_a: clean (or transient — attention=0, stale_hb_new=0)
2026-05-28 23:47:33,664 INFO loop_a: clean (or transient — attention=0, stale_hb_new=0)
2026-05-28 23:49:34,854 INFO loop_a: clean (or transient — attention=0, stale_hb_new=0)
2026-05-28 23:51:36,258 INFO loop_a: clean (or transient — attention=0, stale_hb_new=0)
2026-05-28 23:53:37,597 INFO loop_a: clean (or transient — attention=0, stale_hb_new=0)
2026-05-28 23:55:40,454 INFO loop_a: clean (or transient — attention=0, stale_hb_new=0)
2026-05-28 23:57:43,166 INFO loop_a: clean (or transient — attention=0, stale_hb_new=0)
2026-05-28 23:59:45,881 INFO loop_a: clean (or transient — attention=0, stale_hb_new=0)
2026-05-29 00:01:48,244 INFO loop_a: clean (or transient — attention=0, stale_hb_new=0)
2026-05-29 00:03:50,918 INFO loop_a: clean (or transient — attention=0, stale_hb_new=0)
2026-05-29 00:05:53,369 INFO loop_a: clean (or transient — attention=0, stale_hb_new=0)
2026-05-29 00:06:43,931 INFO loop_b observation: Memory hygiene: • memory: 20 dead [[backlinks]]
2026-05-29 00:07:54,736 INFO loop_a: clean (or transient — attention=0, stale_hb_new=0)
2026-05-29 00:09:55,983 INFO loop_a: clean (or transient — attention=0, stale_hb_new=0)
2026-05-29 00:11:57,475 INFO loop_a: clean (or transient — attention=0, stale_hb_new=0)
2026-05-29 00:13:58,717 INFO loop_a: clean (or transient — attention=0, stale_hb_new=0)
2026-05-29 00:15:59,810 INFO loop_a: clean (or transient — attention=0, stale_hb_new=0)
2026-05-29 00:18:00,927 INFO loop_a: clean (or transient — attention=0, stale_hb_new=0)
2026-05-29 00:20:02,071 INFO loop_a: clean (or transient — attention=0, stale_hb_new=0)
2026-05-29 00:22:03,205 INFO loop_a: clean (or transient — attention=0, stale_hb_new=0)
2026-05-29 00:24:04,499 INFO loop_a: clean (or transient — attention=0, stale_hb_new=0)
2026-05-29 00:26:05,770 INFO loop_a: clean (or transient — attention=0, stale_hb_new=0)
2026-05-29 00:28:06,950 INFO loop_a: clean (or transient — attention=0, stale_hb_new=0)
2026-05-29 00:30:08,291 INFO loop_a: clean (or transient — attention=0, stale_hb_new=0)
2026-05-29 00:32:09,626 INFO loop_a: clean (or transient — attention=0, stale_hb_new=0)
2026-05-29 00:34:11,035 INFO loop_a: clean (or transient — attention=0, stale_hb_new=0)
2026-05-29 00:35:16,720 INFO loop_c: no new messages to tag
2026-05-29 00:36:12,183 INFO loop_a: clean (or transient — attention=0, stale_hb_new=0)
2026-05-29 00:36:47,541 INFO loop_b observation: Memory hygiene: • memory: 20 dead [[backlinks]] • memory: 2 files missing from index
2026-05-29 00:38:13,287 INFO loop_a: clean (or transient — attention=0, stale_hb_new=0)
2026-05-29 00:40:14,545 INFO loop_a: clean (or transient — attention=0, stale_hb_new=0)
2026-05-29 00:42:15,795 INFO loop_a: clean (or transient — attention=0, stale_hb_new=0)
2026-05-29 00:44:17,017 INFO loop_a: clean (or transient — attention=0, stale_hb_new=0)
2026-05-29 00:46:18,085 INFO loop_a: clean (or transient — attention=0, stale_hb_new=0)
2026-05-29 00:48:19,584 INFO loop_a: clean (or transient — attention=0, stale_hb_new=0)
2026-05-29 00:50:20,649 INFO loop_a: clean (or transient — attention=0, stale_hb_new=0)
2026-05-29 00:52:21,726 INFO loop_a: clean (or transient — attention=0, stale_hb_new=0)
2026-05-29 00:54:23,074 INFO loop_a: clean (or transient — attention=0, stale_hb_new=0)
2026-05-29 00:56:24,396 INFO loop_a: clean (or transient — attention=0, stale_hb_new=0)
2026-05-29 00:58:25,805 INFO loop_a: clean (or transient — attention=0, stale_hb_new=0)
2026-05-29 01:00:27,060 INFO loop_a: clean (or transient — attention=0, stale_hb_new=0)
2026-05-29 01:02:28,506 INFO loop_a: clean (or transient — attention=0, stale_hb_new=0)
2026-05-29 01:04:29,536 INFO loop_a: clean (or transient — attention=0, stale_hb_new=0)
2026-05-29 01:06:30,807 INFO loop_a: clean (or transient — attention=0, stale_hb_new=0)
2026-05-29 01:06:51,004 INFO loop_b observation: Memory hygiene: • memory: 20 dead [[backlinks]] • memory: 2 files missing from index
2026-05-29 01:08:32,174 INFO loop_a: clean (or transient — attention=0, stale_hb_new=0)
2026-05-29 01:10:33,496 INFO loop_a: clean (or transient — attention=0, stale_hb_new=0)
2026-05-29 01:12:34,714 INFO loop_a: clean (or transient — attention=0, stale_hb_new=0)
2026-05-29 01:14:36,143 INFO loop_a: clean (or transient — attention=0, stale_hb_new=0)
2026-05-29 01:16:37,275 INFO loop_a: clean (or transient — attention=0, stale_hb_new=0)
2026-05-29 01:18:38,531 INFO loop_a: clean (or transient — attention=0, stale_hb_new=0)
2026-05-29 01:20:39,840 INFO loop_a: clean (or transient — attention=0, stale_hb_new=0)
2026-05-29 01:22:40,911 INFO loop_a: clean (or transient — attention=0, stale_hb_new=0)
2026-05-29 01:24:41,898 INFO loop_a: clean (or transient — attention=0, stale_hb_new=0)
2026-05-29 01:26:43,302 INFO loop_a: clean (or transient — attention=0, stale_hb_new=0)
2026-05-29 01:28:44,481 INFO loop_a: clean (or transient — attention=0, stale_hb_new=0)
2026-05-29 01:30:45,679 INFO loop_a: clean (or transient — attention=0, stale_hb_new=0)
2026-05-29 01:32:47,180 INFO loop_a: clean (or transient — attention=0, stale_hb_new=0)
2026-05-29 01:34:50,004 INFO loop_a: clean (or transient — attention=0, stale_hb_new=0)
2026-05-29 01:35:20,754 INFO loop_c: no new messages to tag
2026-05-29 01:36:52,399 INFO loop_a: clean (or transient — attention=0, stale_hb_new=0)
2026-05-29 01:36:52,421 INFO loop_b observation: Memory hygiene: • memory: 20 dead [[backlinks]] • memory: 2 files missing from index
2026-05-29 01:38:53,394 INFO loop_a: clean (or transient — attention=0, stale_hb_new=0)
2026-05-29 01:40:54,648 INFO loop_a: clean (or transient — attention=0, stale_hb_new=0)
2026-05-29 01:42:55,748 INFO loop_a: clean (or transient — attention=0, stale_hb_new=0)
2026-05-29 01:44:56,725 INFO loop_a: clean (or transient — attention=0, stale_hb_new=0)
2026-05-29 01:46:57,996 INFO loop_a: clean (or transient — attention=0, stale_hb_new=0)
2026-05-29 01:48:59,426 INFO loop_a: clean (or transient — attention=0, stale_hb_new=0)
2026-05-29 01:51:00,801 INFO loop_a: clean (or transient — attention=0, stale_hb_new=0)
2026-05-29 01:53:02,066 INFO loop_a: clean (or transient — attention=0, stale_hb_new=0)
2026-05-29 01:55:03,069 INFO loop_a: clean (or transient — attention=0, stale_hb_new=0)
2026-05-29 01:57:04,481 INFO loop_a: clean (or transient — attention=0, stale_hb_new=0)
2026-05-29 01:59:05,656 INFO loop_a: clean (or transient — attention=0, stale_hb_new=0)
2026-05-29 02:01:06,882 INFO loop_a: clean (or transient — attention=0, stale_hb_new=0)
2026-05-29 02:03:08,930 INFO loop_a: clean (or transient — attention=0, stale_hb_new=0)
2026-05-29 02:05:11,249 INFO loop_a: clean (or transient — attention=0, stale_hb_new=0)
2026-05-29 02:06:53,505 INFO loop_b observation: Memory hygiene: • memory: 20 dead [[backlinks]] • memory: 2 files missing from index
2026-05-29 02:07:13,955 INFO loop_a: clean (or transient — attention=0, stale_hb_new=0)
2026-05-29 02:09:16,638 INFO loop_a: clean (or transient — attention=0, stale_hb_new=0)
2026-05-29 02:11:19,276 INFO loop_a: clean (or transient — attention=0, stale_hb_new=0)
2026-05-29 02:13:21,811 INFO loop_a: clean (or transient — attention=0, stale_hb_new=0)
2026-05-29 02:15:24,444 INFO loop_a: clean (or transient — attention=0, stale_hb_new=0)
2026-05-29 02:17:27,054 INFO loop_a: clean (or transient — attention=0, stale_hb_new=0)
2026-05-29 02:19:29,761 INFO loop_a: clean (or transient — attention=0, stale_hb_new=0)
2026-05-29 02:21:32,288 INFO loop_a: clean (or transient — attention=0, stale_hb_new=0)
2026-05-29 02:23:34,145 INFO loop_a: clean (or transient — attention=0, stale_hb_new=0)
2026-05-29 02:25:36,142 INFO loop_a: clean (or transient — attention=0, stale_hb_new=0)
2026-05-29 02:27:37,273 INFO loop_a: clean (or transient — attention=0, stale_hb_new=0)
2026-05-29 02:29:38,340 INFO loop_a: clean (or transient — attention=0, stale_hb_new=0)
2026-05-29 02:31:39,619 INFO loop_a: clean (or transient — attention=0, stale_hb_new=0)
2026-05-29 02:33:40,598 INFO loop_a: clean (or transient — attention=0, stale_hb_new=0)
2026-05-29 02:35:21,819 INFO loop_c: no new messages to tag
2026-05-29 02:35:42,093 INFO loop_a: clean (or transient — attention=0, stale_hb_new=0)
2026-05-29 02:36:57,837 INFO loop_b observation: Memory hygiene: • memory: 20 dead [[backlinks]]
2026-05-29 02:37:43,079 INFO loop_a: clean (or transient — attention=0, stale_hb_new=0)
2026-05-29 02:39:44,332 INFO loop_a: clean (or transient — attention=0, stale_hb_new=0)
2026-05-29 02:41:45,365 INFO loop_a: clean (or transient — attention=0, stale_hb_new=0)
2026-05-29 02:43:46,609 INFO loop_a: clean (or transient — attention=0, stale_hb_new=0)
2026-05-29 02:45:47,660 INFO loop_a: clean (or transient — attention=0, stale_hb_new=0)
2026-05-29 02:47:48,912 INFO loop_a: clean (or transient — attention=0, stale_hb_new=0)
2026-05-29 02:49:50,449 INFO loop_a: clean (or transient — attention=0, stale_hb_new=0)
2026-05-29 02:51:52,202 INFO loop_a: clean (or transient — attention=0, stale_hb_new=0)
2026-05-29 02:53:54,290 INFO loop_a: clean (or transient — attention=0, stale_hb_new=0)
2026-05-29 02:55:56,670 INFO loop_a: clean (or transient — attention=0, stale_hb_new=0)
2026-05-29 02:57:59,261 INFO loop_a: clean (or transient — attention=0, stale_hb_new=0)
2026-05-29 03:00:01,801 INFO loop_a: clean (or transient — attention=0, stale_hb_new=0)
2026-05-29 03:02:04,289 INFO loop_a: clean (or transient — attention=0, stale_hb_new=0)
2026-05-29 03:04:06,850 INFO loop_a: clean (or transient — attention=0, stale_hb_new=0)
2026-05-29 03:06:09,624 INFO loop_a: clean (or transient — attention=0, stale_hb_new=0)
2026-05-29 03:07:00,496 INFO loop_b observation: Memory hygiene: • memory: 20 dead [[backlinks]]
2026-05-29 03:08:11,875 INFO loop_a: clean (or transient — attention=0, stale_hb_new=0)
2026-05-29 03:10:13,977 INFO loop_a: clean (or transient — attention=0, stale_hb_new=0)
2026-05-29 03:12:16,346 INFO loop_a: clean (or transient — attention=0, stale_hb_new=0)
2026-05-29 03:14:18,584 INFO loop_a: clean (or transient — attention=0, stale_hb_new=0)
2026-05-29 03:16:21,121 INFO loop_a: clean (or transient — attention=0, stale_hb_new=0)
2026-05-29 03:18:23,927 INFO loop_a: clean (or transient — attention=0, stale_hb_new=0)
2026-05-29 03:20:26,260 INFO loop_a: clean (or transient — attention=0, stale_hb_new=0)
2026-05-29 03:22:28,957 INFO loop_a: clean (or transient — attention=0, stale_hb_new=0)
2026-05-29 03:24:31,389 INFO loop_a: clean (or transient — attention=0, stale_hb_new=0)
2026-05-29 03:26:33,942 INFO loop_a: clean (or transient — attention=0, stale_hb_new=0)
2026-05-29 03:28:36,391 INFO loop_a: clean (or transient — attention=0, stale_hb_new=0)
2026-05-29 03:30:38,715 INFO loop_a: clean (or transient — attention=0, stale_hb_new=0)
2026-05-29 03:32:41,432 INFO loop_a: clean (or transient — attention=0, stale_hb_new=0)
2026-05-29 03:34:43,600 INFO loop_a: clean (or transient — attention=0, stale_hb_new=0)
2026-05-29 03:35:24,060 INFO loop_c: no new messages to tag
2026-05-29 03:36:45,614 INFO loop_a: clean (or transient — attention=0, stale_hb_new=0)
2026-05-29 03:37:00,755 INFO loop_b observation: Memory hygiene: • memory: 20 dead [[backlinks]]
2026-05-29 03:38:48,215 INFO loop_a: clean (or transient — attention=0, stale_hb_new=0)
2026-05-29 03:40:50,555 INFO loop_a: clean (or transient — attention=0, stale_hb_new=0)
2026-05-29 03:42:53,234 INFO loop_a: clean (or transient — attention=0, stale_hb_new=0)
2026-05-29 03:44:56,064 INFO loop_a: clean (or transient — attention=0, stale_hb_new=0)
2026-05-29 03:46:58,618 INFO loop_a: clean (or transient — attention=0, stale_hb_new=0)
2026-05-29 03:49:00,652 INFO loop_a: clean (or transient — attention=0, stale_hb_new=0)
2026-05-29 03:51:02,898 INFO loop_a: clean (or transient — attention=0, stale_hb_new=0)
2026-05-29 03:53:05,136 INFO loop_a: clean (or transient — attention=0, stale_hb_new=0)
2026-05-29 03:55:07,305 INFO loop_a: clean (or transient — attention=0, stale_hb_new=0)
2026-05-29 03:57:09,667 INFO loop_a: clean (or transient — attention=0, stale_hb_new=0)
2026-05-29 03:59:11,887 INFO loop_a: clean (or transient — attention=0, stale_hb_new=0)
2026-05-29 04:01:14,156 INFO loop_a: clean (or transient — attention=0, stale_hb_new=0)
2026-05-29 04:03:16,876 INFO loop_a: clean (or transient — attention=0, stale_hb_new=0)
2026-05-29 04:05:19,247 INFO loop_a: clean (or transient — attention=0, stale_hb_new=0)
2026-05-29 04:07:01,545 INFO loop_b observation: Memory hygiene: • memory: 20 dead [[backlinks]]
2026-05-29 04:07:22,000 INFO loop_a: clean (or transient — attention=0, stale_hb_new=0)
2026-05-29 04:09:24,366 INFO loop_a: clean (or transient — attention=0, stale_hb_new=0)
2026-05-29 04:11:26,960 INFO loop_a: clean (or transient — attention=0, stale_hb_new=0)
2026-05-29 04:13:29,474 INFO loop_a: clean (or transient — attention=0, stale_hb_new=0)
2026-05-29 04:15:32,211 INFO loop_a: clean (or transient — attention=0, stale_hb_new=0)
2026-05-29 04:17:34,693 INFO loop_a: clean (or transient — attention=0, stale_hb_new=0)
2026-05-29 04:19:36,878 INFO loop_a: clean (or transient — attention=0, stale_hb_new=0)
2026-05-29 04:21:39,283 INFO loop_a: clean (or transient — attention=0, stale_hb_new=0)
2026-05-29 04:23:41,464 INFO loop_a: clean (or transient — attention=0, stale_hb_new=0)
2026-05-29 04:25:43,777 INFO loop_a: clean (or transient — attention=0, stale_hb_new=0)
2026-05-29 04:27:45,967 INFO loop_a: clean (or transient — attention=0, stale_hb_new=0)
2026-05-29 04:29:48,473 INFO loop_a: clean (or transient — attention=0, stale_hb_new=0)
2026-05-29 04:31:51,023 INFO loop_a: clean (or transient — attention=0, stale_hb_new=0)
2026-05-29 04:33:53,753 INFO loop_a: clean (or transient — attention=0, stale_hb_new=0)
2026-05-29 04:35:25,840 INFO loop_c: no new messages to tag
2026-05-29 04:35:56,382 INFO loop_a: clean (or transient — attention=0, stale_hb_new=0)
2026-05-29 04:37:02,464 INFO loop_b observation: Memory hygiene: • memory: 20 dead [[backlinks]]
2026-05-29 04:37:58,572 INFO loop_a: clean (or transient — attention=0, stale_hb_new=0)
2026-05-29 04:40:00,822 INFO loop_a: clean (or transient — attention=0, stale_hb_new=0)
2026-05-29 04:42:02,987 INFO loop_a: clean (or transient — attention=0, stale_hb_new=0)
2026-05-29 04:44:05,352 INFO loop_a: clean (or transient — attention=0, stale_hb_new=0)
2026-05-29 04:46:07,712 INFO loop_a: clean (or transient — attention=0, stale_hb_new=0)
2026-05-29 04:48:10,045 INFO loop_a: clean (or transient — attention=0, stale_hb_new=0)
2026-05-29 04:50:12,727 INFO loop_a: clean (or transient — attention=0, stale_hb_new=0)
2026-05-29 04:52:15,203 INFO loop_a: clean (or transient — attention=0, stale_hb_new=0)
2026-05-29 04:54:17,830 INFO loop_a: clean (or transient — attention=0, stale_hb_new=0)
2026-05-29 04:56:20,561 INFO loop_a: clean (or transient — attention=0, stale_hb_new=0)
2026-05-29 04:58:22,955 INFO loop_a: clean (or transient — attention=0, stale_hb_new=0)
2026-05-29 05:00:25,459 INFO loop_a: clean (or transient — attention=0, stale_hb_new=0)
2026-05-29 05:02:27,727 INFO loop_a: clean (or transient — attention=0, stale_hb_new=0)
2026-05-29 05:04:29,954 INFO loop_a: clean (or transient — attention=0, stale_hb_new=0)
2026-05-29 05:06:32,212 INFO loop_a: clean (or transient — attention=0, stale_hb_new=0)
2026-05-29 05:07:02,853 INFO loop_b observation: Memory hygiene: • memory: 20 dead [[backlinks]]
2026-05-29 05:08:34,510 INFO loop_a: clean (or transient — attention=0, stale_hb_new=0)
2026-05-29 05:10:37,094 INFO loop_a: clean (or transient — attention=0, stale_hb_new=0)
2026-05-29 05:12:39,371 INFO loop_a: clean (or transient — attention=0, stale_hb_new=0)
2026-05-29 05:14:41,340 INFO loop_a: clean (or transient — attention=0, stale_hb_new=0)
2026-05-29 05:16:43,855 INFO loop_a: clean (or transient — attention=0, stale_hb_new=0)
2026-05-29 05:18:46,457 INFO loop_a: clean (or transient — attention=0, stale_hb_new=0)
2026-05-29 05:20:48,961 INFO loop_a: clean (or transient — attention=0, stale_hb_new=0)
2026-05-29 05:22:51,309 INFO loop_a: clean (or transient — attention=0, stale_hb_new=0)
2026-05-29 05:24:54,006 INFO loop_a: clean (or transient — attention=0, stale_hb_new=0)
2026-05-29 05:26:56,109 INFO loop_a: clean (or transient — attention=0, stale_hb_new=0)
2026-05-29 05:28:59,039 INFO loop_a: clean (or transient — attention=0, stale_hb_new=0)
2026-05-29 05:31:01,495 INFO loop_a: clean (or transient — attention=0, stale_hb_new=0)
2026-05-29 05:33:04,277 INFO loop_a: clean (or transient — attention=0, stale_hb_new=0)
2026-05-29 05:35:06,842 INFO loop_a: clean (or transient — attention=0, stale_hb_new=0)
2026-05-29 05:35:27,375 INFO loop_c: no new messages to tag
2026-05-29 05:37:04,326 INFO loop_b observation: Memory hygiene: • memory: 20 dead [[backlinks]]
2026-05-29 05:37:09,451 INFO loop_a: clean (or transient — attention=0, stale_hb_new=0)
2026-05-29 05:39:11,617 INFO loop_a: clean (or transient — attention=0, stale_hb_new=0)
2026-05-29 05:41:14,205 INFO loop_a: clean (or transient — attention=0, stale_hb_new=0)
2026-05-29 05:43:16,684 INFO loop_a: clean (or transient — attention=0, stale_hb_new=0)
2026-05-29 05:45:18,984 INFO loop_a: clean (or transient — attention=0, stale_hb_new=0)
2026-05-29 05:47:21,589 INFO loop_a: clean (or transient — attention=0, stale_hb_new=0)
2026-05-29 05:49:24,105 INFO loop_a: clean (or transient — attention=0, stale_hb_new=0)
2026-05-29 05:51:26,974 INFO loop_a: clean (or transient — attention=0, stale_hb_new=0)
2026-05-29 05:53:29,350 INFO loop_a: clean (or transient — attention=0, stale_hb_new=0)
2026-05-29 05:55:31,769 INFO loop_a: clean (or transient — attention=0, stale_hb_new=0)
2026-05-29 05:57:34,130 INFO loop_a: clean (or transient — attention=0, stale_hb_new=0)
2026-05-29 05:59:36,678 INFO loop_a: clean (or transient — attention=0, stale_hb_new=0)
2026-05-29 06:01:39,027 INFO loop_a: clean (or transient — attention=0, stale_hb_new=0)
2026-05-29 06:03:41,224 INFO loop_a: clean (or transient — attention=0, stale_hb_new=0)
2026-05-29 06:05:43,952 INFO loop_a: clean (or transient — attention=0, stale_hb_new=0)
2026-05-29 06:07:05,646 INFO loop_b observation: Memory hygiene: • memory: 20 dead [[backlinks]]
2026-05-29 06:07:46,407 INFO loop_a: clean (or transient — attention=0, stale_hb_new=0)
2026-05-29 06:09:48,089 INFO loop_a: clean (or transient — attention=0, stale_hb_new=0)
2026-05-29 06:11:50,390 INFO loop_a: clean (or transient — attention=0, stale_hb_new=0)
2026-05-29 06:13:53,047 INFO loop_a: clean (or transient — attention=0, stale_hb_new=0)
2026-05-29 06:15:55,144 INFO loop_a: clean (or transient — attention=0, stale_hb_new=0)
2026-05-29 06:17:57,544 INFO loop_a: clean (or transient — attention=0, stale_hb_new=0)
2026-05-29 06:19:59,552 INFO loop_a: clean (or transient — attention=0, stale_hb_new=0)
2026-05-29 06:22:02,379 INFO loop_a: clean (or transient — attention=0, stale_hb_new=0)
2026-05-29 06:24:04,834 INFO loop_a: clean (or transient — attention=0, stale_hb_new=0)
2026-05-29 06:26:07,420 INFO loop_a: clean (or transient — attention=0, stale_hb_new=0)
2026-05-29 06:28:09,709 INFO loop_a: clean (or transient — attention=0, stale_hb_new=0)
2026-05-29 06:30:12,336 INFO loop_a: clean (or transient — attention=0, stale_hb_new=0)
2026-05-29 06:32:14,823 INFO loop_a: clean (or transient — attention=0, stale_hb_new=0)
2026-05-29 06:34:17,529 INFO loop_a: clean (or transient — attention=0, stale_hb_new=0)
2026-05-29 06:35:29,190 INFO loop_c: no new messages to tag
2026-05-29 06:36:20,322 INFO loop_a: clean (or transient — attention=0, stale_hb_new=0)
2026-05-29 06:37:06,316 INFO loop_b observation: Memory hygiene: • memory: 20 dead [[backlinks]]
2026-05-29 06:38:22,732 INFO loop_a: clean (or transient — attention=0, stale_hb_new=0)
2026-05-29 06:40:25,343 INFO loop_a: clean (or transient — attention=0, stale_hb_new=0)
2026-05-29 06:42:27,776 INFO loop_a: clean (or transient — attention=0, stale_hb_new=0)
2026-05-29 06:44:30,573 INFO loop_a: clean (or transient — attention=0, stale_hb_new=0)
2026-05-29 06:46:33,027 INFO loop_a: clean (or transient — attention=0, stale_hb_new=0)
2026-05-29 06:48:35,600 INFO loop_a: clean (or transient — attention=0, stale_hb_new=0)
2026-05-29 06:50:37,678 INFO loop_a: clean (or transient — attention=0, stale_hb_new=0)
2026-05-29 06:52:39,996 INFO loop_a: clean (or transient — attention=0, stale_hb_new=0)
2026-05-29 06:54:42,068 INFO loop_a: clean (or transient — attention=0, stale_hb_new=0)
2026-05-29 06:56:44,461 INFO loop_a: clean (or transient — attention=0, stale_hb_new=0)
2026-05-29 06:58:47,122 INFO loop_a: clean (or transient — attention=0, stale_hb_new=0)
2026-05-29 07:00:49,840 INFO loop_a: clean (or transient — attention=0, stale_hb_new=0)
2026-05-29 07:02:51,961 INFO loop_a: clean (or transient — attention=0, stale_hb_new=0)
2026-05-29 07:04:54,227 INFO loop_a: clean (or transient — attention=0, stale_hb_new=0)
2026-05-29 07:06:56,451 INFO loop_a: clean (or transient — attention=0, stale_hb_new=0)
2026-05-29 07:07:06,724 INFO loop_b observation: Memory hygiene: • memory: 20 dead [[backlinks]]
2026-05-29 07:08:58,638 INFO loop_a: clean (or transient — attention=0, stale_hb_new=0)
2026-05-29 07:11:01,142 INFO loop_a: clean (or transient — attention=0, stale_hb_new=0)
2026-05-29 07:13:02,744 INFO loop_a: clean (or transient — attention=0, stale_hb_new=0)
2026-05-29 07:15:04,926 INFO loop_a: clean (or transient — attention=0, stale_hb_new=0)
2026-05-29 07:17:06,594 INFO loop_a: clean (or transient — attention=0, stale_hb_new=0)
2026-05-29 07:19:08,909 INFO loop_a: clean (or transient — attention=0, stale_hb_new=0)
2026-05-29 07:21:11,535 INFO loop_a: clean (or transient — attention=0, stale_hb_new=0)
2026-05-29 07:23:13,877 INFO loop_a: clean (or transient — attention=0, stale_hb_new=0)
2026-05-29 07:25:16,014 INFO loop_a: clean (or transient — attention=0, stale_hb_new=0)
2026-05-29 07:27:18,356 INFO loop_a: clean (or transient — attention=0, stale_hb_new=0)
2026-05-29 07:29:21,080 INFO loop_a: clean (or transient — attention=0, stale_hb_new=0)
2026-05-29 07:31:23,921 INFO loop_a: clean (or transient — attention=0, stale_hb_new=0)
2026-05-29 07:33:26,223 INFO loop_a: clean (or transient — attention=0, stale_hb_new=0)
2026-05-29 07:35:28,406 INFO loop_a: clean (or transient — attention=0, stale_hb_new=0)
2026-05-29 07:35:33,531 INFO loop_c: no new messages to tag
2026-05-29 07:37:10,370 INFO loop_b observation: Memory hygiene: • memory: 20 dead [[backlinks]]
2026-05-29 07:37:30,718 INFO loop_a: clean (or transient — attention=0, stale_hb_new=0)
2026-05-29 07:39:32,810 INFO loop_a: clean (or transient — attention=0, stale_hb_new=0)
2026-05-29 07:41:34,902 INFO loop_a: clean (or transient — attention=0, stale_hb_new=0)
2026-05-29 07:43:37,555 INFO loop_a: clean (or transient — attention=0, stale_hb_new=0)
2026-05-29 07:45:39,929 INFO loop_a: clean (or transient — attention=0, stale_hb_new=0)
2026-05-29 07:47:42,538 INFO loop_a: clean (or transient — attention=0, stale_hb_new=0)
2026-05-29 07:49:45,102 INFO loop_a: clean (or transient — attention=0, stale_hb_new=0)
2026-05-29 07:51:47,627 INFO loop_a: clean (or transient — attention=0, stale_hb_new=0)
2026-05-29 07:53:50,131 INFO loop_a: clean (or transient — attention=0, stale_hb_new=0)
2026-05-29 07:55:52,364 INFO loop_a: clean (or transient — attention=0, stale_hb_new=0)
2026-05-29 07:57:54,814 INFO loop_a: clean (or transient — attention=0, stale_hb_new=0)
2026-05-29 07:59:57,193 INFO loop_a: clean (or transient — attention=0, stale_hb_new=0)
2026-05-29 08:01:59,514 INFO loop_a: clean (or transient — attention=0, stale_hb_new=0)
2026-05-29 08:04:01,952 INFO loop_a: clean (or transient — attention=0, stale_hb_new=0)
2026-05-29 08:06:04,272 INFO loop_a: clean (or transient — attention=0, stale_hb_new=0)
2026-05-29 08:07:10,396 INFO loop_b observation: Memory hygiene: • memory: 20 dead [[backlinks]]
2026-05-29 08:08:06,446 INFO loop_a: clean (or transient — attention=0, stale_hb_new=0)
2026-05-29 08:10:08,885 INFO loop_a: clean (or transient — attention=0, stale_hb_new=0)
2026-05-29 08:12:11,073 INFO loop_a: clean (or transient — attention=0, stale_hb_new=0)
2026-05-29 08:14:12,903 INFO loop_a: clean (or transient — attention=0, stale_hb_new=0)
2026-05-29 08:16:15,154 INFO loop_a: clean (or transient — attention=0, stale_hb_new=0)
2026-05-29 08:18:17,586 INFO loop_a: clean (or transient — attention=0, stale_hb_new=0)
2026-05-29 08:20:19,653 INFO loop_a: clean (or transient — attention=0, stale_hb_new=0)
2026-05-29 08:22:22,280 INFO loop_a: clean (or transient — attention=0, stale_hb_new=0)
2026-05-29 08:24:24,940 INFO loop_a: clean (or transient — attention=0, stale_hb_new=0)
2026-05-29 08:26:27,508 INFO loop_a: clean (or transient — attention=0, stale_hb_new=0)
2026-05-29 08:28:30,030 INFO loop_a: clean (or transient — attention=0, stale_hb_new=0)
2026-05-29 08:30:32,423 INFO loop_a: clean (or transient — attention=0, stale_hb_new=0)
2026-05-29 08:32:34,799 INFO loop_a: clean (or transient — attention=0, stale_hb_new=0)
2026-05-29 08:34:37,085 INFO loop_a: clean (or transient — attention=0, stale_hb_new=0)
2026-05-29 08:35:38,460 INFO loop_c: no new messages to tag
2026-05-29 08:36:39,759 INFO loop_a: clean (or transient — attention=0, stale_hb_new=0)
2026-05-29 08:37:15,316 INFO loop_b observation: Memory hygiene: • memory: 20 dead [[backlinks]]
2026-05-29 08:38:42,200 INFO loop_a: clean (or transient — attention=0, stale_hb_new=0)
2026-05-29 08:40:44,738 INFO loop_a: clean (or transient — attention=0, stale_hb_new=0)
2026-05-29 08:42:47,349 INFO loop_a: clean (or transient — attention=0, stale_hb_new=0)
2026-05-29 08:44:49,723 INFO loop_a: clean (or transient — attention=0, stale_hb_new=0)
2026-05-29 08:46:51,954 INFO loop_a: clean (or transient — attention=0, stale_hb_new=0)
2026-05-29 08:48:53,976 INFO loop_a: clean (or transient — attention=0, stale_hb_new=0)
2026-05-29 08:50:56,166 INFO loop_a: clean (or transient — attention=0, stale_hb_new=0)
2026-05-29 08:52:58,562 INFO loop_a: clean (or transient — attention=0, stale_hb_new=0)
2026-05-29 08:55:00,911 INFO loop_a: clean (or transient — attention=0, stale_hb_new=0)
2026-05-29 08:57:03,455 INFO loop_a: clean (or transient — attention=0, stale_hb_new=0)
2026-05-29 08:59:06,262 INFO loop_a: clean (or transient — attention=0, stale_hb_new=0)
2026-05-29 09:01:08,108 INFO loop_a: clean (or transient — attention=0, stale_hb_new=0)
2026-05-29 09:03:10,157 INFO loop_a: clean (or transient — attention=0, stale_hb_new=0)
2026-05-29 09:05:12,482 INFO loop_a: clean (or transient — attention=0, stale_hb_new=0)
2026-05-29 09:07:14,561 INFO loop_a: clean (or transient — attention=0, stale_hb_new=0)
2026-05-29 09:07:19,699 INFO loop_b observation: Memory hygiene: • memory: 20 dead [[backlinks]]
2026-05-29 09:09:16,924 INFO loop_a: clean (or transient — attention=0, stale_hb_new=0)
2026-05-29 09:11:19,079 INFO loop_a: clean (or transient — attention=0, stale_hb_new=0)
2026-05-29 09:13:21,676 INFO loop_a: clean (or transient — attention=0, stale_hb_new=0)
2026-05-29 09:15:24,238 INFO loop_a: clean (or transient — attention=0, stale_hb_new=0)
2026-05-29 09:17:26,605 INFO loop_a: clean (or transient — attention=0, stale_hb_new=0)
2026-05-29 09:19:29,201 INFO loop_a: clean (or transient — attention=0, stale_hb_new=0)
2026-05-29 09:21:31,910 INFO loop_a: clean (or transient — attention=0, stale_hb_new=0)
2026-05-29 09:23:33,919 INFO loop_a: clean (or transient — attention=0, stale_hb_new=0)
2026-05-29 09:25:36,416 INFO loop_a: clean (or transient — attention=0, stale_hb_new=0)
2026-05-29 09:27:39,061 INFO loop_a: clean (or transient — attention=0, stale_hb_new=0)
2026-05-29 09:29:41,753 INFO loop_a: clean (or transient — attention=0, stale_hb_new=0)
2026-05-29 09:31:44,140 INFO loop_a: clean (or transient — attention=0, stale_hb_new=0)
2026-05-29 09:33:46,650 INFO loop_a: clean (or transient — attention=0, stale_hb_new=0)
2026-05-29 09:35:38,914 INFO loop_c: no new messages to tag
2026-05-29 09:35:49,111 INFO loop_a: clean (or transient — attention=0, stale_hb_new=0)
2026-05-29 09:37:21,337 INFO loop_b observation: Memory hygiene: • memory: 20 dead [[backlinks]]
2026-05-29 09:37:51,880 INFO loop_a: clean (or transient — attention=0, stale_hb_new=0)
2026-05-29 09:39:54,503 INFO loop_a: clean (or transient — attention=0, stale_hb_new=0)
2026-05-29 09:41:57,244 INFO loop_a: clean (or transient — attention=0, stale_hb_new=0)
2026-05-29 09:43:59,216 INFO loop_a: clean (or transient — attention=0, stale_hb_new=0)
2026-05-29 09:46:01,667 INFO loop_a: clean (or transient — attention=0, stale_hb_new=0)
2026-05-29 09:48:04,079 INFO loop_a: clean (or transient — attention=0, stale_hb_new=0)
2026-05-29 09:50:06,600 INFO loop_a: clean (or transient — attention=0, stale_hb_new=0)
2026-05-29 09:52:07,719 INFO loop_a: clean (or transient — attention=0, stale_hb_new=0)
2026-05-29 09:54:08,709 INFO loop_a: clean (or transient — attention=0, stale_hb_new=0)
2026-05-29 09:56:09,962 INFO loop_a: clean (or transient — attention=0, stale_hb_new=0)
2026-05-29 09:58:11,256 INFO loop_a: clean (or transient — attention=0, stale_hb_new=0)
2026-05-29 10:00:12,474 INFO loop_a: clean (or transient — attention=0, stale_hb_new=0)
2026-05-29 10:02:13,606 INFO loop_a: clean (or transient — attention=0, stale_hb_new=0)
2026-05-29 10:04:14,698 INFO loop_a: clean (or transient — attention=0, stale_hb_new=0)
2026-05-29 10:06:15,876 INFO loop_a: clean (or transient — attention=0, stale_hb_new=0)
2026-05-29 10:07:21,358 INFO loop_b observation: Memory hygiene: • memory: 20 dead [[backlinks]]
2026-05-29 10:08:16,961 INFO loop_a: clean (or transient — attention=0, stale_hb_new=0)
2026-05-29 10:10:18,269 INFO loop_a: clean (or transient — attention=0, stale_hb_new=0)
2026-05-29 10:12:19,436 INFO loop_a: clean (or transient — attention=0, stale_hb_new=0)
2026-05-29 10:14:20,694 INFO loop_a: clean (or transient — attention=0, stale_hb_new=0)
2026-05-29 10:16:21,976 INFO loop_a: clean (or transient — attention=0, stale_hb_new=0)
2026-05-29 10:18:23,013 INFO loop_a: clean (or transient — attention=0, stale_hb_new=0)
2026-05-29 10:20:24,126 INFO loop_a: clean (or transient — attention=0, stale_hb_new=0)
2026-05-29 10:22:25,170 INFO loop_a: clean (or transient — attention=0, stale_hb_new=0)
2026-05-29 10:24:27,391 INFO loop_a: clean (or transient — attention=0, stale_hb_new=0)
2026-05-29 10:26:29,745 INFO loop_a: clean (or transient — attention=0, stale_hb_new=0)
2026-05-29 10:28:32,248 INFO loop_a: clean (or transient — attention=0, stale_hb_new=0)
2026-05-29 10:30:34,603 INFO loop_a: clean (or transient — attention=0, stale_hb_new=0)
2026-05-29 10:32:37,049 INFO loop_a: clean (or transient — attention=0, stale_hb_new=0)
2026-05-29 10:34:39,312 INFO loop_a: clean (or transient — attention=0, stale_hb_new=0)
2026-05-29 10:35:39,839 INFO loop_c: no new messages to tag
2026-05-29 10:36:40,566 INFO loop_a: clean (or transient — attention=0, stale_hb_new=0)
2026-05-29 10:37:25,966 INFO loop_b observation: Memory hygiene: • memory: 20 dead [[backlinks]]
2026-05-29 10:38:41,683 INFO loop_a: clean (or transient — attention=0, stale_hb_new=0)
2026-05-29 10:40:42,802 INFO loop_a: clean (or transient — attention=0, stale_hb_new=0)
2026-05-29 10:42:43,878 INFO loop_a: clean (or transient — attention=0, stale_hb_new=0)
2026-05-29 10:44:44,865 INFO loop_a: clean (or transient — attention=0, stale_hb_new=0)
2026-05-29 10:46:46,083 INFO loop_a: clean (or transient — attention=0, stale_hb_new=0)
2026-05-29 10:48:47,161 INFO loop_a: clean (or transient — attention=0, stale_hb_new=0)
2026-05-29 10:50:48,217 INFO loop_a: clean (or transient — attention=0, stale_hb_new=0)
2026-05-29 10:52:49,344 INFO loop_a: clean (or transient — attention=0, stale_hb_new=0)
2026-05-29 10:54:50,477 INFO loop_a: clean (or transient — attention=0, stale_hb_new=0)
2026-05-29 10:56:51,562 INFO loop_a: clean (or transient — attention=0, stale_hb_new=0)
2026-05-29 10:58:52,687 INFO loop_a: clean (or transient — attention=0, stale_hb_new=0)
2026-05-29 11:00:53,933 INFO loop_a: clean (or transient — attention=0, stale_hb_new=0)
2026-05-29 11:02:54,779 INFO loop_a: clean (or transient — attention=0, stale_hb_new=0)
2026-05-29 11:04:55,968 INFO loop_a: clean (or transient — attention=0, stale_hb_new=0)
2026-05-29 11:06:57,138 INFO loop_a: clean (or transient — attention=0, stale_hb_new=0)
2026-05-29 11:07:27,266 INFO loop_b observation: Memory hygiene: • memory: 20 dead [[backlinks]]
2026-05-29 11:08:58,253 INFO loop_a: clean (or transient — attention=0, stale_hb_new=0)
2026-05-29 11:10:59,709 INFO loop_a: clean (or transient — attention=0, stale_hb_new=0)
2026-05-29 11:13:02,265 INFO loop_a: clean (or transient — attention=0, stale_hb_new=0)
2026-05-29 11:15:04,702 INFO loop_a: clean (or transient — attention=0, stale_hb_new=0)
2026-05-29 11:17:07,066 INFO loop_a: clean (or transient — attention=0, stale_hb_new=0)
2026-05-29 11:19:08,223 INFO loop_a: clean (or transient — attention=0, stale_hb_new=0)
2026-05-29 11:21:09,311 INFO loop_a: clean (or transient — attention=0, stale_hb_new=0)
2026-05-29 11:23:10,349 INFO loop_a: clean (or transient — attention=0, stale_hb_new=0)
2026-05-29 11:25:11,410 INFO loop_a: clean (or transient — attention=0, stale_hb_new=0)
2026-05-29 11:27:12,535 INFO loop_a: clean (or transient — attention=0, stale_hb_new=0)
2026-05-29 11:29:13,728 INFO loop_a: clean (or transient — attention=0, stale_hb_new=0)
2026-05-29 11:31:14,769 INFO loop_a: clean (or transient — attention=0, stale_hb_new=0)
2026-05-29 11:33:15,818 INFO loop_a: clean (or transient — attention=0, stale_hb_new=0)
2026-05-29 11:35:16,564 INFO loop_a: clean (or transient — attention=0, stale_hb_new=0)
2026-05-29 11:35:41,819 INFO loop_c: no new messages to tag
2026-05-29 11:37:17,842 INFO loop_a: clean (or transient — attention=0, stale_hb_new=0)
2026-05-29 11:37:27,985 INFO loop_b observation: Memory hygiene: • memory: 20 dead [[backlinks]]
2026-05-29 11:39:18,935 INFO loop_a: clean (or transient — attention=0, stale_hb_new=0)
2026-05-29 11:41:19,936 INFO loop_a: clean (or transient — attention=0, stale_hb_new=0)
2026-05-29 11:43:20,577 INFO loop_a: clean (or transient — attention=0, stale_hb_new=0)
2026-05-29 11:45:21,435 INFO loop_a: clean (or transient — attention=0, stale_hb_new=0)
2026-05-29 11:47:22,412 INFO loop_a: clean (or transient — attention=0, stale_hb_new=0)
2026-05-29 11:49:23,273 INFO loop_a: clean (or transient — attention=0, stale_hb_new=0)
2026-05-29 11:51:24,571 INFO loop_a: clean (or transient — attention=0, stale_hb_new=0)
2026-05-29 11:53:25,665 INFO loop_a: clean (or transient — attention=0, stale_hb_new=0)
2026-05-29 11:55:26,834 INFO loop_a: clean (or transient — attention=0, stale_hb_new=0)
2026-05-29 11:57:28,058 INFO loop_a: clean (or transient — attention=0, stale_hb_new=0)
2026-05-29 11:59:29,458 INFO loop_a: clean (or transient — attention=0, stale_hb_new=0)
2026-05-29 12:01:30,587 INFO loop_a: clean (or transient — attention=0, stale_hb_new=0)
2026-05-29 12:03:31,777 INFO loop_a: clean (or transient — attention=0, stale_hb_new=0)
2026-05-29 12:05:32,548 INFO loop_a: clean (or transient — attention=0, stale_hb_new=0)
2026-05-29 12:07:28,553 INFO loop_b observation: Memory hygiene: • memory: 20 dead [[backlinks]]
2026-05-29 12:07:33,637 INFO loop_a: clean (or transient — attention=0, stale_hb_new=0)
2026-05-29 12:09:34,626 INFO loop_a: clean (or transient — attention=0, stale_hb_new=0)
2026-05-29 12:11:35,605 INFO loop_a: clean (or transient — attention=0, stale_hb_new=0)
2026-05-29 12:13:36,591 INFO loop_a: clean (or transient — attention=0, stale_hb_new=0)
2026-05-29 12:15:37,956 INFO loop_a: clean (or transient — attention=0, stale_hb_new=0)
2026-05-29 12:17:38,887 INFO loop_a: clean (or transient — attention=0, stale_hb_new=0)
2026-05-29 12:19:39,971 INFO loop_a: clean (or transient — attention=0, stale_hb_new=0)
2026-05-29 12:21:41,067 INFO loop_a: clean (or transient — attention=0, stale_hb_new=0)
2026-05-29 12:23:42,430 INFO loop_a: clean (or transient — attention=0, stale_hb_new=0)
2026-05-29 12:25:43,456 INFO loop_a: clean (or transient — attention=0, stale_hb_new=0)
2026-05-29 12:27:44,193 INFO loop_a: clean (or transient — attention=0, stale_hb_new=0)
2026-05-29 12:29:45,241 INFO loop_a: clean (or transient — attention=0, stale_hb_new=0)
2026-05-29 12:31:46,240 INFO loop_a: clean (or transient — attention=0, stale_hb_new=0)
2026-05-29 12:33:47,388 INFO loop_a: clean (or transient — attention=0, stale_hb_new=0)
2026-05-29 12:35:43,420 INFO loop_c: no new messages to tag
2026-05-29 12:35:48,500 INFO loop_a: clean (or transient — attention=0, stale_hb_new=0)
2026-05-29 12:37:29,443 INFO loop_b observation: Memory hygiene: • memory: 20 dead [[backlinks]]
2026-05-29 12:37:49,676 INFO loop_a: clean (or transient — attention=0, stale_hb_new=0)
2026-05-29 12:39:50,764 INFO loop_a: clean (or transient — attention=0, stale_hb_new=0)
2026-05-29 12:41:51,889 INFO loop_a: clean (or transient — attention=0, stale_hb_new=0)
2026-05-29 12:43:53,081 INFO loop_a: clean (or transient — attention=0, stale_hb_new=0)
2026-05-29 12:45:54,165 INFO loop_a: clean (or transient — attention=0, stale_hb_new=0)
2026-05-29 12:47:55,390 INFO loop_a: clean (or transient — attention=0, stale_hb_new=0)
2026-05-29 12:49:57,192 INFO loop_a: clean (or transient — attention=0, stale_hb_new=0)
2026-05-29 12:51:58,223 INFO loop_a: clean (or transient — attention=0, stale_hb_new=0)
2026-05-29 12:53:59,227 INFO loop_a: clean (or transient — attention=0, stale_hb_new=0)
2026-05-29 12:56:00,370 INFO loop_a: clean (or transient — attention=0, stale_hb_new=0)
2026-05-29 12:58:01,527 INFO loop_a: clean (or transient — attention=0, stale_hb_new=0)
2026-05-29 13:00:02,681 INFO loop_a: clean (or transient — attention=0, stale_hb_new=0)
2026-05-29 13:02:04,361 INFO loop_a: clean (or transient — attention=0, stale_hb_new=0)
2026-05-29 13:04:06,623 INFO loop_a: clean (or transient — attention=0, stale_hb_new=0)
2026-05-29 13:06:08,928 INFO loop_a: clean (or transient — attention=0, stale_hb_new=0)
2026-05-29 13:07:30,386 INFO loop_b observation: Memory hygiene: • memory: 20 dead [[backlinks]]
2026-05-29 13:08:11,179 INFO loop_a: clean (or transient — attention=0, stale_hb_new=0)
2026-05-29 13:10:12,540 INFO loop_a: clean (or transient — attention=0, stale_hb_new=0)
2026-05-29 13:12:13,667 INFO loop_a: clean (or transient — attention=0, stale_hb_new=0)
2026-05-29 13:14:14,647 INFO loop_a: clean (or transient — attention=0, stale_hb_new=0)
2026-05-29 13:16:15,916 INFO loop_a: clean (or transient — attention=0, stale_hb_new=0)
2026-05-29 13:18:16,947 INFO loop_a: clean (or transient — attention=0, stale_hb_new=0)
2026-05-29 13:20:17,789 INFO loop_a: clean (or transient — attention=0, stale_hb_new=0)
2026-05-29 13:22:18,697 INFO loop_a: clean (or transient — attention=0, stale_hb_new=0)
2026-05-29 13:24:19,945 INFO loop_a: clean (or transient — attention=0, stale_hb_new=0)
2026-05-29 13:26:20,947 INFO loop_a: clean (or transient — attention=0, stale_hb_new=0)
2026-05-29 13:28:22,291 INFO loop_a: clean (or transient — attention=0, stale_hb_new=0)
2026-05-29 13:30:23,438 INFO loop_a: clean (or transient — attention=0, stale_hb_new=0)
2026-05-29 13:32:24,583 INFO loop_a: clean (or transient — attention=0, stale_hb_new=0)
2026-05-29 13:34:25,804 INFO loop_a: clean (or transient — attention=0, stale_hb_new=0)
2026-05-29 13:35:46,645 INFO loop_c: no new messages to tag
2026-05-29 13:36:27,074 INFO loop_a: clean (or transient — attention=0, stale_hb_new=0)
2026-05-29 13:37:32,708 INFO loop_b observation: Memory hygiene: • memory: 1 index entries >200 chars • memory: 20 dead [[backlinks]]
2026-05-29 13:38:28,205 INFO loop_a: clean (or transient — attention=0, stale_hb_new=0)
2026-05-29 13:40:29,369 INFO loop_a: clean (or transient — attention=0, stale_hb_new=0)
2026-05-29 13:42:30,336 INFO loop_a: clean (or transient — attention=0, stale_hb_new=0)
2026-05-29 13:44:31,360 INFO loop_a: clean (or transient — attention=0, stale_hb_new=0)
2026-05-29 13:46:32,475 INFO loop_a: clean (or transient — attention=0, stale_hb_new=0)
2026-05-29 13:48:33,715 INFO loop_a: clean (or transient — attention=0, stale_hb_new=0)
2026-05-29 13:50:35,173 INFO loop_a: clean (or transient — attention=0, stale_hb_new=0)
2026-05-29 13:52:36,954 INFO loop_a: clean (or transient — attention=0, stale_hb_new=0)
2026-05-29 13:54:38,903 INFO loop_a: clean (or transient — attention=0, stale_hb_new=0)
2026-05-29 13:56:40,041 INFO loop_a: clean (or transient — attention=0, stale_hb_new=0)
2026-05-29 13:58:41,275 INFO loop_a: clean (or transient — attention=0, stale_hb_new=0)
2026-05-29 14:00:42,714 INFO loop_a: clean (or transient — attention=0, stale_hb_new=0)
2026-05-29 14:02:45,101 INFO loop_a: clean (or transient — attention=0, stale_hb_new=0)
2026-05-29 14:04:46,765 INFO loop_a: clean (or transient — attention=0, stale_hb_new=0)
2026-05-29 14:06:47,774 INFO loop_a: clean (or transient — attention=0, stale_hb_new=0)
2026-05-29 14:07:33,150 INFO loop_b observation: Memory hygiene: • memory: 1 index entries >200 chars • memory: 20 dead [[backlinks]]
2026-05-29 14:08:48,876 INFO loop_a: clean (or transient — attention=0, stale_hb_new=0)
2026-05-29 14:10:49,962 INFO loop_a: clean (or transient — attention=0, stale_hb_new=0)
2026-05-29 14:12:51,222 INFO loop_a: clean (or transient — attention=0, stale_hb_new=0)
2026-05-29 14:14:52,620 INFO loop_a: clean (or transient — attention=0, stale_hb_new=0)
2026-05-29 14:16:53,806 INFO loop_a: clean (or transient — attention=0, stale_hb_new=0)
2026-05-29 14:18:54,728 INFO loop_a: clean (or transient — attention=0, stale_hb_new=0)
2026-05-29 14:20:55,700 INFO loop_a: clean (or transient — attention=0, stale_hb_new=0)
2026-05-29 14:22:56,933 INFO loop_a: clean (or transient — attention=0, stale_hb_new=0)
2026-05-29 14:24:58,116 INFO loop_a: clean (or transient — attention=0, stale_hb_new=0)
2026-05-29 14:26:59,090 INFO loop_a: clean (or transient — attention=0, stale_hb_new=0)
2026-05-29 14:29:00,204 INFO loop_a: clean (or transient — attention=0, stale_hb_new=0)
2026-05-29 14:31:01,344 INFO loop_a: clean (or transient — attention=0, stale_hb_new=0)
2026-05-29 14:33:02,545 INFO loop_a: clean (or transient — attention=0, stale_hb_new=0)
2026-05-29 14:35:03,609 INFO loop_a: clean (or transient — attention=0, stale_hb_new=0)
2026-05-29 14:35:49,075 INFO loop_c: no new messages to tag
2026-05-29 14:37:04,907 INFO loop_a: clean (or transient — attention=0, stale_hb_new=0)
2026-05-29 14:37:35,186 INFO loop_b observation: Memory hygiene: • memory: 1 index entries >200 chars • memory: 20 dead [[backlinks]]
2026-05-29 14:39:06,239 INFO loop_a: clean (or transient — attention=0, stale_hb_new=0)
2026-05-29 14:41:07,120 INFO loop_a: clean (or transient — attention=0, stale_hb_new=0)
2026-05-29 14:43:08,098 INFO loop_a: clean (or transient — attention=0, stale_hb_new=0)
2026-05-29 14:45:09,438 INFO loop_a: clean (or transient — attention=0, stale_hb_new=0)
2026-05-29 14:47:11,181 INFO loop_a: clean (or transient — attention=0, stale_hb_new=0)
2026-05-29 14:49:12,853 INFO loop_a: clean (or transient — attention=0, stale_hb_new=0)
2026-05-29 14:51:14,026 INFO loop_a: clean (or transient — attention=0, stale_hb_new=0)
2026-05-29 14:53:15,178 INFO loop_a: clean (or transient — attention=0, stale_hb_new=0)
2026-05-29 14:55:16,193 INFO loop_a: clean (or transient — attention=0, stale_hb_new=0)
2026-05-29 14:57:17,352 INFO loop_a: clean (or transient — attention=0, stale_hb_new=0)
2026-05-29 14:59:18,386 INFO loop_a: clean (or transient — attention=0, stale_hb_new=0)
2026-05-29 15:01:19,401 INFO loop_a: clean (or transient — attention=0, stale_hb_new=0)
2026-05-29 15:03:20,418 INFO loop_a: clean (or transient — attention=0, stale_hb_new=0)
2026-05-29 15:05:22,056 INFO loop_a: clean (or transient — attention=0, stale_hb_new=0)
2026-05-29 15:07:24,323 INFO loop_a: clean (or transient — attention=0, stale_hb_new=0)
2026-05-29 15:07:39,555 INFO loop_b observation: Memory hygiene: • memory: 1 index entries >200 chars • memory: 20 dead [[backlinks]]
2026-05-29 15:09:26,992 INFO loop_a: clean (or transient — attention=0, stale_hb_new=0)
2026-05-29 15:11:29,397 INFO loop_a: clean (or transient — attention=0, stale_hb_new=0)
2026-05-29 15:13:31,251 INFO loop_a: clean (or transient — attention=0, stale_hb_new=0)
2026-05-29 15:15:32,279 INFO loop_a: clean (or transient — attention=0, stale_hb_new=0)
2026-05-29 15:17:33,344 INFO loop_a: clean (or transient — attention=0, stale_hb_new=0)
2026-05-29 15:19:35,122 INFO loop_a: clean (or transient — attention=0, stale_hb_new=0)
2026-05-29 15:21:36,952 INFO loop_a: clean (or transient — attention=0, stale_hb_new=0)
2026-05-29 15:23:38,106 INFO loop_a: clean (or transient — attention=0, stale_hb_new=0)
2026-05-29 15:25:39,342 INFO loop_a: clean (or transient — attention=0, stale_hb_new=0)
2026-05-29 15:27:40,492 INFO loop_a: clean (or transient — attention=0, stale_hb_new=0)
2026-05-29 15:29:41,482 INFO loop_a: clean (or transient — attention=0, stale_hb_new=0)
2026-05-29 15:31:42,483 INFO loop_a: clean (or transient — attention=0, stale_hb_new=0)
2026-05-29 15:33:43,535 INFO loop_a: clean (or transient — attention=0, stale_hb_new=0)
2026-05-29 15:35:44,748 INFO loop_a: clean (or transient — attention=0, stale_hb_new=0)
2026-05-29 15:35:49,859 INFO loop_c: no new messages to tag
2026-05-29 15:37:41,736 INFO loop_b observation: Memory hygiene: • memory: 1 index entries >200 chars • memory: 20 dead [[backlinks]] • memory: 1 files missing from index
2026-05-29 15:37:46,832 INFO loop_a: clean (or transient — attention=0, stale_hb_new=0)
2026-05-29 15:39:49,185 INFO loop_a: clean (or transient — attention=0, stale_hb_new=0)
2026-05-29 15:41:51,312 INFO loop_a: clean (or transient — attention=0, stale_hb_new=0)
2026-05-29 15:43:52,504 INFO loop_a: clean (or transient — attention=0, stale_hb_new=0)
2026-05-29 15:45:53,577 INFO loop_a: clean (or transient — attention=0, stale_hb_new=0)
2026-05-29 15:47:54,793 INFO loop_a: clean (or transient — attention=0, stale_hb_new=0)
2026-05-29 15:49:55,885 INFO loop_a: clean (or transient — attention=0, stale_hb_new=0)
2026-05-29 15:51:57,158 INFO loop_a: clean (or transient — attention=0, stale_hb_new=0)
2026-05-29 15:53:59,346 INFO loop_a: clean (or transient — attention=0, stale_hb_new=0)
2026-05-29 15:56:01,353 INFO loop_a: clean (or transient — attention=0, stale_hb_new=0)
2026-05-29 15:58:03,230 INFO loop_a: clean (or transient — attention=0, stale_hb_new=0)
2026-05-29 16:00:05,446 INFO loop_a: clean (or transient — attention=0, stale_hb_new=0)
2026-05-29 16:02:07,266 INFO loop_a: clean (or transient — attention=0, stale_hb_new=0)
2026-05-29 16:04:09,593 INFO loop_a: clean (or transient — attention=0, stale_hb_new=0)
2026-05-29 16:06:11,796 INFO loop_a: clean (or transient — attention=0, stale_hb_new=0)
2026-05-29 16:07:43,651 INFO loop_b observation: Memory hygiene: • memory: 1 index entries >200 chars • memory: 20 dead [[backlinks]] • memory: 1 files missing from index
2026-05-29 16:08:14,160 INFO loop_a: clean (or transient — attention=0, stale_hb_new=0)
2026-05-29 16:10:16,225 INFO loop_a: clean (or transient — attention=0, stale_hb_new=0)
2026-05-29 16:12:18,732 INFO loop_a: clean (or transient — attention=0, stale_hb_new=0)
2026-05-29 16:14:21,297 INFO loop_a: clean (or transient — attention=0, stale_hb_new=0)
2026-05-29 16:16:23,752 INFO loop_a: clean (or transient — attention=0, stale_hb_new=0)
2026-05-29 16:18:25,899 INFO loop_a: clean (or transient — attention=0, stale_hb_new=0)
2026-05-29 16:20:28,381 INFO loop_a: clean (or transient — attention=0, stale_hb_new=0)
2026-05-29 16:22:30,712 INFO loop_a: clean (or transient — attention=0, stale_hb_new=0)
2026-05-29 16:24:33,043 INFO loop_a: clean (or transient — attention=0, stale_hb_new=0)
2026-05-29 16:26:35,804 INFO loop_a: clean (or transient — attention=0, stale_hb_new=0)
2026-05-29 16:28:38,213 INFO loop_a: clean (or transient — attention=0, stale_hb_new=0)
2026-05-29 16:30:39,536 INFO loop_a: clean (or transient — attention=0, stale_hb_new=0)
2026-05-29 16:32:40,653 INFO loop_a: clean (or transient — attention=0, stale_hb_new=0)
2026-05-29 16:34:41,825 INFO loop_a: clean (or transient — attention=0, stale_hb_new=0)
2026-05-29 16:35:52,833 INFO loop_c: no new messages to tag
2026-05-29 16:36:43,999 INFO loop_a: clean (or transient — attention=0, stale_hb_new=0)
2026-05-29 16:37:45,336 INFO loop_b observation: Memory hygiene: • memory: 1 index entries >200 chars • memory: 20 dead [[backlinks]] • memory: 1 files missing from index
2026-05-29 16:38:46,631 INFO loop_a: clean (or transient — attention=0, stale_hb_new=0)
2026-05-29 16:40:47,887 INFO loop_a: clean (or transient — attention=0, stale_hb_new=0)
2026-05-29 16:42:48,789 INFO loop_a: clean (or transient — attention=0, stale_hb_new=0)
2026-05-29 16:44:49,859 INFO loop_a: clean (or transient — attention=0, stale_hb_new=0)
2026-05-29 16:46:51,137 INFO loop_a: clean (or transient — attention=0, stale_hb_new=0)
2026-05-29 16:48:53,875 INFO loop_a: clean (or transient — attention=0, stale_hb_new=0)
2026-05-29 16:50:56,097 INFO loop_a: clean (or transient — attention=0, stale_hb_new=0)
2026-05-29 16:52:57,948 INFO loop_a: clean (or transient — attention=0, stale_hb_new=0)
2026-05-29 16:54:58,857 INFO loop_a: clean (or transient — attention=0, stale_hb_new=0)
2026-05-29 16:57:00,050 INFO loop_a: clean (or transient — attention=0, stale_hb_new=0)
2026-05-29 16:59:01,048 INFO loop_a: clean (or transient — attention=0, stale_hb_new=0)
2026-05-29 17:01:02,034 INFO loop_a: clean (or transient — attention=0, stale_hb_new=0)
2026-05-29 17:03:03,266 INFO loop_a: clean (or transient — attention=0, stale_hb_new=0)
2026-05-29 17:05:05,689 INFO loop_a: clean (or transient — attention=0, stale_hb_new=0)
2026-05-29 17:07:08,194 INFO loop_a: clean (or transient — attention=0, stale_hb_new=0)
2026-05-29 17:07:48,734 INFO loop_b observation: Memory hygiene: • memory: 1 index entries >200 chars • memory: 20 dead [[backlinks]] • memory: 1 files missing from index
2026-05-29 17:09:10,001 INFO loop_a: clean (or transient — attention=0, stale_hb_new=0)
2026-05-29 17:11:12,226 INFO loop_a: clean (or transient — attention=0, stale_hb_new=0)
2026-05-29 17:13:14,265 INFO loop_a: clean (or transient — attention=0, stale_hb_new=0)
2026-05-29 17:15:16,691 INFO loop_a: clean (or transient — attention=0, stale_hb_new=0)
2026-05-29 17:17:18,712 INFO loop_a: clean (or transient — attention=0, stale_hb_new=0)
2026-05-29 17:19:19,639 INFO loop_a: clean (or transient — attention=0, stale_hb_new=0)
2026-05-29 17:21:20,671 INFO loop_a: clean (or transient — attention=0, stale_hb_new=0)
2026-05-29 17:23:21,958 INFO loop_a: clean (or transient — attention=0, stale_hb_new=0)
2026-05-29 17:25:23,001 INFO loop_a: clean (or transient — attention=0, stale_hb_new=0)
2026-05-29 17:27:24,194 INFO loop_a: clean (or transient — attention=0, stale_hb_new=0)
2026-05-29 17:29:25,364 INFO loop_a: clean (or transient — attention=0, stale_hb_new=0)
2026-05-29 17:31:26,668 INFO loop_a: clean (or transient — attention=0, stale_hb_new=0)
2026-05-29 17:33:27,742 INFO loop_a: clean (or transient — attention=0, stale_hb_new=0)
2026-05-29 17:35:29,082 INFO loop_a: clean (or transient — attention=0, stale_hb_new=0)
2026-05-29 17:35:54,164 INFO loop_c: no new messages to tag
2026-05-29 17:37:30,180 INFO loop_a: clean (or transient — attention=0, stale_hb_new=0)
2026-05-29 17:37:50,276 INFO loop_b observation: Memory hygiene: • memory: 1 index entries >200 chars • memory: 20 dead [[backlinks]] • memory: 1 files missing from index
2026-05-29 17:39:31,029 INFO loop_a: clean (or transient — attention=0, stale_hb_new=0)
2026-05-29 17:41:32,693 INFO loop_a: clean (or transient — attention=0, stale_hb_new=0)
2026-05-29 17:43:34,787 INFO loop_a: clean (or transient — attention=0, stale_hb_new=0)
2026-05-29 17:45:37,077 INFO loop_a: clean (or transient — attention=0, stale_hb_new=0)
2026-05-29 17:47:38,328 INFO loop_a: clean (or transient — attention=0, stale_hb_new=0)
2026-05-29 17:49:39,319 INFO loop_a: clean (or transient — attention=0, stale_hb_new=0)
2026-05-29 17:51:40,939 INFO loop_a: clean (or transient — attention=0, stale_hb_new=0)
2026-05-29 17:53:43,128 INFO loop_a: clean (or transient — attention=0, stale_hb_new=0)
2026-05-29 17:55:45,361 INFO loop_a: clean (or transient — attention=0, stale_hb_new=0)
2026-05-29 17:57:46,566 INFO loop_a: clean (or transient — attention=0, stale_hb_new=0)
2026-05-29 17:59:47,806 INFO loop_a: clean (or transient — attention=0, stale_hb_new=0)
2026-05-29 18:01:48,872 INFO loop_a: clean (or transient — attention=0, stale_hb_new=0)
2026-05-29 18:03:50,030 INFO loop_a: clean (or transient — attention=0, stale_hb_new=0)
2026-05-29 18:05:51,300 INFO loop_a: clean (or transient — attention=0, stale_hb_new=0)
2026-05-29 18:07:52,581 INFO loop_a: clean (or transient — attention=0, stale_hb_new=0)
2026-05-29 18:07:52,620 INFO loop_b observation: Memory hygiene: • memory: 1 index entries >200 chars • memory: 20 dead [[backlinks]] • memory: 1 files missing from index
2026-05-29 18:09:53,659 INFO loop_a: clean (or transient — attention=0, stale_hb_new=0)
2026-05-29 18:11:54,717 INFO loop_a: clean (or transient — attention=1, stale_hb_new=0)
2026-05-29 18:13:55,677 INFO loop_a observation: 1 unresolved attention items.
2026-05-29 18:15:56,838 INFO loop_a observation: 1 unresolved attention items.
2026-05-29 18:17:58,064 INFO loop_a observation: 1 unresolved attention items.
2026-05-29 18:19:59,073 INFO loop_a observation: 1 unresolved attention items.
2026-05-29 18:22:00,220 INFO loop_a observation: 1 unresolved attention items.
2026-05-29 18:24:01,180 INFO loop_a observation: 1 unresolved attention items.
2026-05-29 18:26:03,377 INFO loop_a observation: 1 unresolved attention items.
2026-05-29 18:28:05,742 INFO loop_a observation: 1 unresolved attention items.
2026-05-29 18:30:08,069 INFO loop_a observation: 1 unresolved attention items.
2026-05-29 18:32:09,300 INFO loop_a observation: 1 unresolved attention items.
2026-05-29 18:34:10,689 INFO loop_a observation: 1 unresolved attention items.
2026-05-29 18:35:56,816 INFO loop_c: no new messages to tag
2026-05-29 18:36:11,940 INFO loop_a observation: 1 unresolved attention items.
2026-05-29 18:37:52,868 INFO loop_b observation: Memory hygiene: • memory: 1 index entries >200 chars • memory: 20 dead [[backlinks]] • memory: 1 files missing from index
2026-05-29 18:38:13,059 INFO loop_a observation: 1 unresolved attention items.
2026-05-29 18:40:14,231 INFO loop_a observation: 1 unresolved attention items.
2026-05-29 18:42:15,341 INFO loop_a observation: 1 unresolved attention items.
2026-05-29 18:44:16,606 INFO loop_a observation: 1 unresolved attention items.
2026-05-29 18:46:17,937 INFO loop_a observation: 1 unresolved attention items.
2026-05-29 18:48:18,979 INFO loop_a observation: 1 unresolved attention items.
2026-05-29 18:50:20,187 INFO loop_a observation: 1 unresolved attention items.
2026-05-29 18:52:21,133 INFO loop_a observation: 1 unresolved attention items.
2026-05-29 18:54:22,215 INFO loop_a observation: 1 unresolved attention items.
2026-05-29 18:56:23,300 INFO loop_a observation: 1 unresolved attention items.
2026-05-29 18:58:24,443 INFO loop_a observation: 1 unresolved attention items.
2026-05-29 19:00:25,424 INFO loop_a observation: 1 unresolved attention items.
2026-05-29 19:02:26,465 INFO loop_a observation: 1 unresolved attention items.
2026-05-29 19:04:27,528 INFO loop_a observation: 1 unresolved attention items.
2026-05-29 19:06:29,129 INFO loop_a observation: 1 unresolved attention items.
2026-05-29 19:07:54,951 INFO loop_b observation: Memory hygiene: • memory: 1 index entries >200 chars • memory: 20 dead [[backlinks]] • memory: 1 files missing from index
2026-05-29 19:08:30,204 INFO loop_a observation: 1 unresolved attention items.
2026-05-29 19:10:31,472 INFO loop_a observation: 1 unresolved attention items.
2026-05-29 19:12:33,537 INFO loop_a observation: 1 unresolved attention items.
2026-05-29 19:14:35,875 INFO loop_a observation: 1 unresolved attention items.
2026-05-29 19:16:38,385 INFO loop_a observation: 1 unresolved attention items.
2026-05-29 19:18:40,693 INFO loop_a observation: 1 unresolved attention items.
2026-05-29 19:20:43,345 INFO loop_a observation: 1 unresolved attention items.
2026-05-29 19:22:45,884 INFO loop_a observation: 1 unresolved attention items.
2026-05-29 19:24:48,803 INFO loop_a observation: 1 unresolved attention items.
2026-05-29 19:26:51,280 INFO loop_a observation: 1 unresolved attention items.
2026-05-29 19:28:54,018 INFO loop_a observation: 1 unresolved attention items.
2026-05-29 19:30:56,621 INFO loop_a observation: 1 unresolved attention items.
2026-05-29 19:32:59,516 INFO loop_a observation: 1 unresolved attention items.
2026-05-29 19:35:02,373 INFO loop_a observation: 1 unresolved attention items.
2026-05-29 19:35:58,639 INFO loop_c observation: Curation pass tagged 1 msgs. ada: 1/1 good.
2026-05-29 19:37:05,053 INFO loop_a observation: 1 unresolved attention items.
2026-05-29 19:37:56,137 INFO loop_b observation: Memory hygiene: • memory: 2 index entries >200 chars • memory: 20 dead [[backlinks]]
2026-05-29 19:39:07,540 INFO loop_a observation: 1 unresolved attention items.
2026-05-29 19:41:09,935 INFO loop_a observation: 1 unresolved attention items.
2026-05-29 19:43:12,532 INFO loop_a observation: 1 unresolved attention items.
2026-05-29 19:45:15,450 INFO loop_a observation: 1 unresolved attention items.
2026-05-29 19:47:18,320 INFO loop_a observation: 1 unresolved attention items.
2026-05-29 19:49:21,082 INFO loop_a observation: 1 unresolved attention items.
2026-05-29 19:51:23,675 INFO loop_a observation: 1 unresolved attention items.
2026-05-29 19:53:26,371 INFO loop_a observation: 1 unresolved attention items.
2026-05-29 19:55:28,980 INFO loop_a observation: 1 unresolved attention items.
2026-05-29 19:57:31,587 INFO loop_a observation: 1 unresolved attention items.
2026-05-29 19:59:34,298 INFO loop_a observation: 1 unresolved attention items.
2026-05-29 20:01:37,016 INFO loop_a observation: 1 unresolved attention items.
2026-05-29 20:03:39,111 INFO loop_a observation: 1 unresolved attention items.
2026-05-29 20:05:40,267 INFO loop_a observation: 1 unresolved attention items.
2026-05-29 20:07:41,276 INFO loop_a observation: 1 unresolved attention items.
2026-05-29 20:07:56,499 INFO loop_b observation: Memory hygiene: • memory: 2 index entries >200 chars • memory: 20 dead [[backlinks]]
2026-05-29 20:09:42,494 INFO loop_a observation: 1 unresolved attention items.
2026-05-29 20:11:43,745 INFO loop_a: clean (or transient — attention=0, stale_hb_new=0)
2026-05-29 20:13:45,120 INFO loop_a: clean (or transient — attention=0, stale_hb_new=0)
2026-05-29 20:15:46,472 INFO loop_a: clean (or transient — attention=0, stale_hb_new=0)
2026-05-29 20:17:47,687 INFO loop_a: clean (or transient — attention=0, stale_hb_new=0)
2026-05-29 20:19:48,814 INFO loop_a: clean (or transient — attention=0, stale_hb_new=0)
2026-05-29 20:21:49,914 INFO loop_a: clean (or transient — attention=0, stale_hb_new=0)
2026-05-29 20:23:51,231 INFO loop_a: clean (or transient — attention=0, stale_hb_new=0)
2026-05-29 20:25:52,563 INFO loop_a: clean (or transient — attention=0, stale_hb_new=0)
2026-05-29 20:27:53,903 INFO loop_a: clean (or transient — attention=0, stale_hb_new=0)
2026-05-29 20:29:55,176 INFO loop_a: clean (or transient — attention=0, stale_hb_new=0)
2026-05-29 20:31:56,461 INFO loop_a: clean (or transient — attention=0, stale_hb_new=0)
2026-05-29 20:33:57,821 INFO loop_a: clean (or transient — attention=0, stale_hb_new=0)
2026-05-29 20:35:59,458 INFO loop_a: clean (or transient — attention=0, stale_hb_new=0)
2026-05-29 20:35:59,465 INFO loop_c: no new messages to tag
2026-05-29 20:38:00,800 INFO loop_a: clean (or transient — attention=0, stale_hb_new=0)
2026-05-29 20:38:00,834 INFO loop_b observation: Memory hygiene: • memory: 2 index entries >200 chars • memory: 20 dead [[backlinks]]
2026-05-29 20:40:02,195 INFO loop_a: clean (or transient — attention=0, stale_hb_new=0)
2026-05-29 20:42:03,581 INFO loop_a: clean (or transient — attention=0, stale_hb_new=0)
2026-05-29 20:44:04,827 INFO loop_a: clean (or transient — attention=0, stale_hb_new=0)
2026-05-29 20:46:06,278 INFO loop_a: clean (or transient — attention=0, stale_hb_new=0)
2026-05-29 20:48:07,412 INFO loop_a: clean (or transient — attention=0, stale_hb_new=0)
2026-05-29 20:50:08,520 INFO loop_a: clean (or transient — attention=0, stale_hb_new=0)
2026-05-29 20:52:09,875 INFO loop_a: clean (or transient — attention=0, stale_hb_new=0)
2026-05-29 20:54:11,293 INFO loop_a: clean (or transient — attention=0, stale_hb_new=0)
2026-05-29 20:56:12,549 INFO loop_a: clean (or transient — attention=0, stale_hb_new=0)
2026-05-29 20:58:13,876 INFO loop_a: clean (or transient — attention=0, stale_hb_new=0)
2026-05-29 21:00:15,138 INFO loop_a: clean (or transient — attention=0, stale_hb_new=0)
2026-05-29 21:02:16,577 INFO loop_a: clean (or transient — attention=0, stale_hb_new=0)
2026-05-29 21:04:17,779 INFO loop_a: clean (or transient — attention=0, stale_hb_new=0)
2026-05-29 21:06:19,115 INFO loop_a: clean (or transient — attention=0, stale_hb_new=0)
2026-05-29 21:08:05,410 INFO loop_b observation: Memory hygiene: • memory: 3 index entries >200 chars • memory: 20 dead [[backlinks]]
2026-05-29 21:08:20,570 INFO loop_a: clean (or transient — attention=0, stale_hb_new=0)
2026-05-29 21:10:21,827 INFO loop_a: clean (or transient — attention=0, stale_hb_new=0)
2026-05-29 21:12:23,147 INFO loop_a: clean (or transient — attention=0, stale_hb_new=0)
2026-05-29 21:14:25,179 INFO loop_a: clean (or transient — attention=0, stale_hb_new=0)
2026-05-29 21:16:27,852 INFO loop_a: clean (or transient — attention=0, stale_hb_new=0)
2026-05-29 21:18:30,665 INFO loop_a: clean (or transient — attention=0, stale_hb_new=0)
2026-05-29 21:20:32,276 INFO loop_a: clean (or transient — attention=0, stale_hb_new=0)
2026-05-29 21:22:33,537 INFO loop_a: clean (or transient — attention=0, stale_hb_new=0)
2026-05-29 21:24:34,820 INFO loop_a: clean (or transient — attention=0, stale_hb_new=0)
2026-05-29 21:26:36,032 INFO loop_a: clean (or transient — attention=0, stale_hb_new=0)
2026-05-29 21:28:37,332 INFO loop_a: clean (or transient — attention=0, stale_hb_new=0)
2026-05-29 21:30:38,571 INFO loop_a: clean (or transient — attention=0, stale_hb_new=0)
2026-05-29 21:32:39,793 INFO loop_a: clean (or transient — attention=0, stale_hb_new=0)
2026-05-29 21:34:40,968 INFO loop_a: clean (or transient — attention=0, stale_hb_new=0)
2026-05-29 21:36:01,759 INFO loop_c: no new messages to tag
2026-05-29 21:36:42,194 INFO loop_a: clean (or transient — attention=0, stale_hb_new=0)
2026-05-29 21:38:08,091 INFO loop_b observation: Memory hygiene: • memory: 4 index entries >200 chars • memory: 20 dead [[backlinks]]
2026-05-29 21:38:43,431 INFO loop_a: clean (or transient — attention=0, stale_hb_new=0)
2026-05-29 21:40:44,722 INFO loop_a: clean (or transient — attention=0, stale_hb_new=0)
2026-05-29 21:42:46,043 INFO loop_a: clean (or transient — attention=0, stale_hb_new=0)
2026-05-29 21:44:47,255 INFO loop_a: clean (or transient — attention=0, stale_hb_new=0)
2026-05-29 21:46:48,374 INFO loop_a: clean (or transient — attention=0, stale_hb_new=0)
2026-05-29 21:48:51,007 INFO loop_a: clean (or transient — attention=0, stale_hb_new=0)
2026-05-29 21:50:53,498 INFO loop_a: clean (or transient — attention=0, stale_hb_new=0)
2026-05-29 21:52:55,493 INFO loop_a: clean (or transient — attention=0, stale_hb_new=0)
2026-05-29 21:54:56,690 INFO loop_a: clean (or transient — attention=0, stale_hb_new=0)
2026-05-29 21:56:57,811 INFO loop_a: clean (or transient — attention=0, stale_hb_new=0)
2026-05-29 21:58:59,007 INFO loop_a: clean (or transient — attention=0, stale_hb_new=0)
2026-05-29 22:01:00,036 INFO loop_a: clean (or transient — attention=0, stale_hb_new=0)
2026-05-29 22:03:01,112 INFO loop_a: clean (or transient — attention=0, stale_hb_new=0)
2026-05-29 22:05:02,167 INFO loop_a: clean (or transient — attention=0, stale_hb_new=0)
2026-05-29 22:07:03,435 INFO loop_a: clean (or transient — attention=0, stale_hb_new=0)
2026-05-29 22:08:08,986 INFO loop_b observation: Memory hygiene: • memory: 4 index entries >200 chars • memory: 20 dead [[backlinks]]
2026-05-29 22:09:04,438 INFO loop_a: clean (or transient — attention=0, stale_hb_new=0)
2026-05-29 22:11:05,711 INFO loop_a: clean (or transient — attention=0, stale_hb_new=0)
2026-05-29 22:13:07,076 INFO loop_a: clean (or transient — attention=0, stale_hb_new=0)
2026-05-29 22:15:08,412 INFO loop_a: clean (or transient — attention=0, stale_hb_new=0)
2026-05-29 22:17:09,588 INFO loop_a: clean (or transient — attention=0, stale_hb_new=0)
2026-05-29 22:19:10,537 INFO loop_a: clean (or transient — attention=0, stale_hb_new=0)
2026-05-29 22:21:11,671 INFO loop_a: clean (or transient — attention=0, stale_hb_new=0)
2026-05-29 22:23:13,086 INFO loop_a: clean (or transient — attention=0, stale_hb_new=0)
2026-05-29 22:25:14,539 INFO loop_a: clean (or transient — attention=0, stale_hb_new=0)
2026-05-29 22:27:15,934 INFO loop_a: clean (or transient — attention=0, stale_hb_new=0)
2026-05-29 22:29:16,814 INFO loop_a: clean (or transient — attention=0, stale_hb_new=0)
2026-05-29 22:31:18,023 INFO loop_a: clean (or transient — attention=0, stale_hb_new=0)
2026-05-29 22:33:19,138 INFO loop_a: clean (or transient — attention=0, stale_hb_new=0)
2026-05-29 22:35:20,404 INFO loop_a: clean (or transient — attention=0, stale_hb_new=0)
2026-05-29 22:36:05,886 INFO loop_c: no new messages to tag
2026-05-29 22:37:21,496 INFO loop_a: clean (or transient — attention=0, stale_hb_new=0)
2026-05-29 22:38:11,951 INFO loop_b observation: Memory hygiene: • memory: 5 index entries >200 chars • memory: 20 dead [[backlinks]]
2026-05-29 22:39:22,644 INFO loop_a: clean (or transient — attention=0, stale_hb_new=0)
2026-05-29 22:41:23,666 INFO loop_a: clean (or transient — attention=0, stale_hb_new=0)
2026-05-29 22:43:25,094 INFO loop_a: clean (or transient — attention=0, stale_hb_new=0)
2026-05-29 22:45:27,319 INFO loop_a: clean (or transient — attention=0, stale_hb_new=0)
2026-05-29 22:47:29,725 INFO loop_a: clean (or transient — attention=0, stale_hb_new=0)
2026-05-29 22:49:31,908 INFO loop_a: clean (or transient — attention=0, stale_hb_new=0)
2026-05-29 22:51:33,104 INFO loop_a: clean (or transient — attention=0, stale_hb_new=0)
2026-05-29 22:53:34,386 INFO loop_a: clean (or transient — attention=0, stale_hb_new=0)
2026-05-29 22:55:35,759 INFO loop_a: clean (or transient — attention=0, stale_hb_new=0)
2026-05-29 22:57:37,472 INFO loop_a: clean (or transient — attention=0, stale_hb_new=0)
2026-05-29 22:59:39,777 INFO loop_a: clean (or transient — attention=0, stale_hb_new=0)
2026-05-29 23:01:42,559 INFO loop_a: clean (or transient — attention=0, stale_hb_new=0)
2026-05-29 23:03:44,258 INFO loop_a: clean (or transient — attention=0, stale_hb_new=0)
2026-05-29 23:05:45,665 INFO loop_a: clean (or transient — attention=0, stale_hb_new=0)
2026-05-29 23:07:46,898 INFO loop_a: clean (or transient — attention=0, stale_hb_new=0)
2026-05-29 23:08:12,180 INFO loop_b observation: Memory hygiene: • memory: 5 index entries >200 chars • memory: 20 dead [[backlinks]]
2026-05-29 23:09:48,805 INFO loop_a: clean (or transient — attention=0, stale_hb_new=0)
2026-05-29 23:11:51,290 INFO loop_a: clean (or transient — attention=0, stale_hb_new=0)
2026-05-29 23:13:53,618 INFO loop_a: clean (or transient — attention=0, stale_hb_new=0)
2026-05-29 23:15:56,302 INFO loop_a: clean (or transient — attention=0, stale_hb_new=0)
2026-05-29 23:17:58,899 INFO loop_a: clean (or transient — attention=0, stale_hb_new=0)
2026-05-29 23:20:01,601 INFO loop_a: clean (or transient — attention=0, stale_hb_new=0)
2026-05-29 23:22:04,123 INFO loop_a: clean (or transient — attention=0, stale_hb_new=0)
2026-05-29 23:24:06,805 INFO loop_a: clean (or transient — attention=0, stale_hb_new=0)
2026-05-29 23:26:09,403 INFO loop_a: clean (or transient — attention=0, stale_hb_new=0)
2026-05-29 23:28:12,128 INFO loop_a: clean (or transient — attention=0, stale_hb_new=0)
2026-05-29 23:30:14,879 INFO loop_a: clean (or transient — attention=0, stale_hb_new=0)
2026-05-29 23:32:17,493 INFO loop_a: clean (or transient — attention=0, stale_hb_new=0)
2026-05-29 23:34:19,310 INFO loop_a: clean (or transient — attention=0, stale_hb_new=0)
2026-05-29 23:36:10,637 INFO loop_c: no new messages to tag
2026-05-29 23:36:20,765 INFO loop_a: clean (or transient — attention=0, stale_hb_new=0)
2026-05-29 23:38:16,823 INFO loop_b observation: Memory hygiene: • memory: 5 index entries >200 chars • memory: 20 dead [[backlinks]]
2026-05-29 23:38:21,904 INFO loop_a: clean (or transient — attention=0, stale_hb_new=0)
2026-05-29 23:40:23,543 INFO loop_a: clean (or transient — attention=0, stale_hb_new=0)
2026-05-29 23:42:25,637 INFO loop_a: clean (or transient — attention=0, stale_hb_new=0)
2026-05-29 23:44:26,893 INFO loop_a: clean (or transient — attention=0, stale_hb_new=0)
2026-05-29 23:46:28,262 INFO loop_a: clean (or transient — attention=0, stale_hb_new=0)
2026-05-29 23:48:29,270 INFO loop_a: clean (or transient — attention=0, stale_hb_new=0)
2026-05-29 23:50:30,563 INFO loop_a: clean (or transient — attention=0, stale_hb_new=0)
2026-05-29 23:52:32,579 INFO loop_a: clean (or transient — attention=0, stale_hb_new=0)
2026-05-29 23:54:35,119 INFO loop_a: clean (or transient — attention=0, stale_hb_new=0)
2026-05-29 23:56:37,070 INFO loop_a: clean (or transient — attention=0, stale_hb_new=0)
2026-05-29 23:58:38,344 INFO loop_a: clean (or transient — attention=0, stale_hb_new=0)
2026-05-30 00:00:39,573 INFO loop_a: clean (or transient — attention=0, stale_hb_new=0)
2026-05-30 00:02:40,793 INFO loop_a: clean (or transient — attention=0, stale_hb_new=0)
2026-05-30 00:04:42,044 INFO loop_a: clean (or transient — attention=0, stale_hb_new=0)
2026-05-30 00:06:43,167 INFO loop_a: clean (or transient — attention=0, stale_hb_new=0)
2026-05-30 00:08:19,168 INFO loop_b observation: Memory hygiene: • memory: 5 index entries >200 chars • memory: 20 dead [[backlinks]]
2026-05-30 00:08:44,315 INFO loop_a: clean (or transient — attention=0, stale_hb_new=0)
2026-05-30 00:10:45,471 INFO loop_a: clean (or transient — attention=0, stale_hb_new=0)
2026-05-30 00:12:46,614 INFO loop_a: clean (or transient — attention=0, stale_hb_new=0)
2026-05-30 00:14:47,760 INFO loop_a: clean (or transient — attention=0, stale_hb_new=0)
2026-05-30 00:16:48,992 INFO loop_a: clean (or transient — attention=0, stale_hb_new=0)
2026-05-30 00:18:50,043 INFO loop_a: clean (or transient — attention=0, stale_hb_new=0)
2026-05-30 00:20:51,192 INFO loop_a: clean (or transient — attention=0, stale_hb_new=0)
2026-05-30 00:22:52,391 INFO loop_a: clean (or transient — attention=0, stale_hb_new=0)
2026-05-30 00:24:53,519 INFO loop_a: clean (or transient — attention=0, stale_hb_new=0)
2026-05-30 00:26:54,672 INFO loop_a: clean (or transient — attention=0, stale_hb_new=0)
2026-05-30 00:28:55,754 INFO loop_a: clean (or transient — attention=0, stale_hb_new=0)
2026-05-30 00:30:56,768 INFO loop_a: clean (or transient — attention=0, stale_hb_new=0)
2026-05-30 00:32:57,818 INFO loop_a: clean (or transient — attention=0, stale_hb_new=0)
2026-05-30 00:34:59,086 INFO loop_a: clean (or transient — attention=0, stale_hb_new=0)
2026-05-30 00:36:14,723 INFO loop_c: no new messages to tag
2026-05-30 00:37:00,149 INFO loop_a: clean (or transient — attention=0, stale_hb_new=0)
2026-05-30 00:38:20,758 INFO loop_b observation: Memory hygiene: • memory: 5 index entries >200 chars • memory: 20 dead [[backlinks]]
2026-05-30 00:39:01,140 INFO loop_a: clean (or transient — attention=0, stale_hb_new=0)
2026-05-30 00:41:02,594 INFO loop_a: clean (or transient — attention=0, stale_hb_new=0)
2026-05-30 00:43:03,843 INFO loop_a: clean (or transient — attention=0, stale_hb_new=0)
2026-05-30 00:45:05,033 INFO loop_a: clean (or transient — attention=0, stale_hb_new=0)
2026-05-30 00:47:06,327 INFO loop_a: clean (or transient — attention=0, stale_hb_new=0)
2026-05-30 00:49:07,968 INFO loop_a: clean (or transient — attention=0, stale_hb_new=0)
2026-05-30 00:51:10,114 INFO loop_a: clean (or transient — attention=0, stale_hb_new=0)
2026-05-30 00:53:11,612 INFO loop_a: clean (or transient — attention=0, stale_hb_new=0)
2026-05-30 00:55:13,039 INFO loop_a: clean (or transient — attention=0, stale_hb_new=0)
2026-05-30 00:57:14,665 INFO loop_a: clean (or transient — attention=0, stale_hb_new=0)
2026-05-30 00:59:17,237 INFO loop_a: clean (or transient — attention=0, stale_hb_new=0)
2026-05-30 01:01:19,260 INFO loop_a: clean (or transient — attention=0, stale_hb_new=0)
2026-05-30 01:03:20,515 INFO loop_a: clean (or transient — attention=0, stale_hb_new=0)
2026-05-30 01:05:21,685 INFO loop_a: clean (or transient — attention=0, stale_hb_new=0)
2026-05-30 01:07:22,670 INFO loop_a: clean (or transient — attention=0, stale_hb_new=0)
2026-05-30 01:08:23,328 INFO loop_b observation: Memory hygiene: • memory: 5 index entries >200 chars • memory: 20 dead [[backlinks]]
2026-05-30 01:09:24,025 INFO loop_a: clean (or transient — attention=0, stale_hb_new=0)
2026-05-30 01:11:25,316 INFO loop_a: clean (or transient — attention=0, stale_hb_new=0)
2026-05-30 01:13:26,473 INFO loop_a: clean (or transient — attention=0, stale_hb_new=0)
2026-05-30 01:15:27,663 INFO loop_a: clean (or transient — attention=0, stale_hb_new=0)
2026-05-30 01:17:28,814 INFO loop_a: clean (or transient — attention=0, stale_hb_new=0)
2026-05-30 01:19:29,994 INFO loop_a: clean (or transient — attention=0, stale_hb_new=0)
2026-05-30 01:21:31,231 INFO loop_a: clean (or transient — attention=0, stale_hb_new=0)
2026-05-30 01:23:32,590 INFO loop_a: clean (or transient — attention=0, stale_hb_new=0)
2026-05-30 01:25:34,276 INFO loop_a: clean (or transient — attention=0, stale_hb_new=0)
2026-05-30 01:27:35,423 INFO loop_a: clean (or transient — attention=0, stale_hb_new=0)
2026-05-30 01:29:36,623 INFO loop_a: clean (or transient — attention=0, stale_hb_new=0)
2026-05-30 01:31:37,756 INFO loop_a: clean (or transient — attention=0, stale_hb_new=0)
2026-05-30 01:33:39,054 INFO loop_a: clean (or transient — attention=0, stale_hb_new=0)
2026-05-30 01:35:40,165 INFO loop_a: clean (or transient — attention=0, stale_hb_new=0)
2026-05-30 01:36:15,455 INFO loop_c: no new messages to tag
2026-05-30 01:37:41,389 INFO loop_a: clean (or transient — attention=0, stale_hb_new=0)
2026-05-30 01:38:26,946 INFO loop_b observation: Memory hygiene: • memory: 6 index entries >200 chars • memory: 20 dead [[backlinks]]
2026-05-30 01:39:42,759 INFO loop_a: clean (or transient — attention=0, stale_hb_new=0)
2026-05-30 01:41:43,898 INFO loop_a: clean (or transient — attention=0, stale_hb_new=0)
2026-05-30 01:43:44,891 INFO loop_a: clean (or transient — attention=0, stale_hb_new=0)
2026-05-30 01:45:45,909 INFO loop_a: clean (or transient — attention=0, stale_hb_new=0)
2026-05-30 01:47:46,843 INFO loop_a: clean (or transient — attention=0, stale_hb_new=0)
2026-05-30 01:49:48,097 INFO loop_a: clean (or transient — attention=0, stale_hb_new=0)
2026-05-30 01:51:49,412 INFO loop_a: clean (or transient — attention=0, stale_hb_new=0)
2026-05-30 01:53:50,727 INFO loop_a: clean (or transient — attention=0, stale_hb_new=0)
2026-05-30 01:55:51,922 INFO loop_a: clean (or transient — attention=0, stale_hb_new=0)
2026-05-30 01:57:53,053 INFO loop_a: clean (or transient — attention=0, stale_hb_new=0)
2026-05-30 01:59:54,184 INFO loop_a: clean (or transient — attention=0, stale_hb_new=0)
2026-05-30 02:01:55,473 INFO loop_a: clean (or transient — attention=0, stale_hb_new=0)
2026-05-30 02:03:56,528 INFO loop_a: clean (or transient — attention=0, stale_hb_new=0)
2026-05-30 02:05:57,779 INFO loop_a: clean (or transient — attention=0, stale_hb_new=0)
2026-05-30 02:07:58,980 INFO loop_a: clean (or transient — attention=0, stale_hb_new=0)
2026-05-30 02:08:29,277 INFO loop_b observation: Memory hygiene: • memory: 6 index entries >200 chars • memory: 20 dead [[backlinks]]
2026-05-30 02:10:00,232 INFO loop_a: clean (or transient — attention=0, stale_hb_new=0)
2026-05-30 02:12:01,557 INFO loop_a: clean (or transient — attention=0, stale_hb_new=0)
2026-05-30 02:14:02,988 INFO loop_a: clean (or transient — attention=0, stale_hb_new=0)
2026-05-30 02:16:05,678 INFO loop_a: clean (or transient — attention=0, stale_hb_new=0)
2026-05-30 02:18:08,235 INFO loop_a: clean (or transient — attention=0, stale_hb_new=0)
2026-05-30 02:20:10,928 INFO loop_a: clean (or transient — attention=0, stale_hb_new=0)
2026-05-30 02:22:13,380 INFO loop_a: clean (or transient — attention=0, stale_hb_new=0)
2026-05-30 02:24:16,262 INFO loop_a: clean (or transient — attention=0, stale_hb_new=0)
2026-05-30 02:26:18,729 INFO loop_a: clean (or transient — attention=0, stale_hb_new=0)
2026-05-30 02:28:21,518 INFO loop_a: clean (or transient — attention=0, stale_hb_new=0)
2026-05-30 02:30:24,050 INFO loop_a: clean (or transient — attention=0, stale_hb_new=0)
2026-05-30 02:32:26,737 INFO loop_a: clean (or transient — attention=0, stale_hb_new=0)
2026-05-30 02:34:29,236 INFO loop_a: clean (or transient — attention=0, stale_hb_new=0)
2026-05-30 02:36:16,619 INFO loop_c: no new messages to tag
2026-05-30 02:36:31,865 INFO loop_a: clean (or transient — attention=0, stale_hb_new=0)
2026-05-30 02:38:29,421 INFO loop_b observation: Memory hygiene: • memory: 6 index entries >200 chars • memory: 20 dead [[backlinks]]
2026-05-30 02:38:34,579 INFO loop_a: clean (or transient — attention=0, stale_hb_new=0)
2026-05-30 02:40:37,734 INFO loop_a: clean (or transient — attention=0, stale_hb_new=0)
2026-05-30 02:42:40,622 INFO loop_a: clean (or transient — attention=0, stale_hb_new=0)
2026-05-30 02:44:43,418 INFO loop_a: clean (or transient — attention=0, stale_hb_new=0)
2026-05-30 02:46:46,245 INFO loop_a: clean (or transient — attention=0, stale_hb_new=0)
2026-05-30 02:48:49,197 INFO loop_a: clean (or transient — attention=0, stale_hb_new=0)
2026-05-30 02:50:52,188 INFO loop_a: clean (or transient — attention=0, stale_hb_new=0)
2026-05-30 02:52:54,876 INFO loop_a: clean (or transient — attention=0, stale_hb_new=0)
2026-05-30 02:54:57,679 INFO loop_a: clean (or transient — attention=0, stale_hb_new=0)
2026-05-30 02:57:00,164 INFO loop_a: clean (or transient — attention=0, stale_hb_new=0)
2026-05-30 02:59:02,922 INFO loop_a: clean (or transient — attention=0, stale_hb_new=0)
2026-05-30 03:01:05,495 INFO loop_a: clean (or transient — attention=0, stale_hb_new=0)
2026-05-30 03:03:08,459 INFO loop_a: clean (or transient — attention=0, stale_hb_new=0)
2026-05-30 03:05:11,261 INFO loop_a: clean (or transient — attention=0, stale_hb_new=0)
2026-05-30 03:07:13,907 INFO loop_a: clean (or transient — attention=0, stale_hb_new=0)
2026-05-30 03:08:30,601 INFO loop_b observation: Memory hygiene: • memory: 7 index entries >200 chars • memory: 20 dead [[backlinks]]
2026-05-30 03:09:16,544 INFO loop_a: clean (or transient — attention=0, stale_hb_new=0)
2026-05-30 03:11:19,137 INFO loop_a: clean (or transient — attention=0, stale_hb_new=0)
2026-05-30 03:13:21,510 INFO loop_a: clean (or transient — attention=0, stale_hb_new=0)
2026-05-30 03:15:24,258 INFO loop_a: clean (or transient — attention=0, stale_hb_new=0)
2026-05-30 03:17:27,075 INFO loop_a: clean (or transient — attention=0, stale_hb_new=0)
2026-05-30 03:19:29,655 INFO loop_a: clean (or transient — attention=0, stale_hb_new=0)
2026-05-30 03:21:32,628 INFO loop_a: clean (or transient — attention=0, stale_hb_new=0)
2026-05-30 03:23:35,466 INFO loop_a: clean (or transient — attention=0, stale_hb_new=0)
2026-05-30 03:25:38,447 INFO loop_a: clean (or transient — attention=0, stale_hb_new=0)
2026-05-30 03:27:40,950 INFO loop_a: clean (or transient — attention=0, stale_hb_new=0)
2026-05-30 03:29:43,474 INFO loop_a: clean (or transient — attention=0, stale_hb_new=0)
2026-05-30 03:31:45,803 INFO loop_a: clean (or transient — attention=0, stale_hb_new=0)
2026-05-30 03:33:48,485 INFO loop_a: clean (or transient — attention=0, stale_hb_new=0)
2026-05-30 03:35:50,806 INFO loop_a: clean (or transient — attention=0, stale_hb_new=0)
2026-05-30 03:36:21,547 INFO loop_c: no new messages to tag
2026-05-30 03:37:53,312 INFO loop_a: clean (or transient — attention=0, stale_hb_new=0)
2026-05-30 03:38:34,270 INFO loop_b observation: Memory hygiene: • memory: 5 index entries >200 chars • memory: 20 dead [[backlinks]]
2026-05-30 03:39:56,131 INFO loop_a: clean (or transient — attention=0, stale_hb_new=0)
2026-05-30 03:41:58,789 INFO loop_a: clean (or transient — attention=0, stale_hb_new=0)
2026-05-30 03:44:01,150 INFO loop_a: clean (or transient — attention=0, stale_hb_new=0)
2026-05-30 03:46:03,776 INFO loop_a: clean (or transient — attention=0, stale_hb_new=0)
2026-05-30 03:48:06,193 INFO loop_a: clean (or transient — attention=0, stale_hb_new=0)
2026-05-30 03:50:08,988 INFO loop_a: clean (or transient — attention=0, stale_hb_new=0)
2026-05-30 03:52:11,486 INFO loop_a: clean (or transient — attention=0, stale_hb_new=0)
2026-05-30 03:54:14,520 INFO loop_a: clean (or transient — attention=0, stale_hb_new=0)
2026-05-30 03:56:17,190 INFO loop_a: clean (or transient — attention=0, stale_hb_new=0)
2026-05-30 03:58:19,903 INFO loop_a: clean (or transient — attention=0, stale_hb_new=0)
2026-05-30 04:00:22,861 INFO loop_a: clean (or transient — attention=0, stale_hb_new=0)
2026-05-30 04:02:25,646 INFO loop_a: clean (or transient — attention=0, stale_hb_new=0)
2026-05-30 04:04:28,097 INFO loop_a: clean (or transient — attention=0, stale_hb_new=0)
2026-05-30 04:06:30,686 INFO loop_a: clean (or transient — attention=0, stale_hb_new=0)
2026-05-30 04:08:33,294 INFO loop_a: clean (or transient — attention=0, stale_hb_new=0)
2026-05-30 04:08:38,440 INFO loop_b observation: Memory hygiene: • memory: 5 index entries >200 chars • memory: 20 dead [[backlinks]]
2026-05-30 04:10:35,624 INFO loop_a: clean (or transient — attention=0, stale_hb_new=0)
2026-05-30 04:12:38,102 INFO loop_a: clean (or transient — attention=0, stale_hb_new=0)
2026-05-30 04:14:40,601 INFO loop_a: clean (or transient — attention=0, stale_hb_new=0)
2026-05-30 04:16:43,138 INFO loop_a: clean (or transient — attention=0, stale_hb_new=0)
2026-05-30 04:18:45,751 INFO loop_a: clean (or transient — attention=0, stale_hb_new=0)
2026-05-30 04:20:47,886 INFO loop_a: clean (or transient — attention=0, stale_hb_new=0)
2026-05-30 04:22:50,893 INFO loop_a: clean (or transient — attention=0, stale_hb_new=0)
2026-05-30 04:24:53,956 INFO loop_a: clean (or transient — attention=0, stale_hb_new=0)
2026-05-30 04:26:56,390 INFO loop_a: clean (or transient — attention=0, stale_hb_new=0)
2026-05-30 04:28:58,987 INFO loop_a: clean (or transient — attention=0, stale_hb_new=0)
2026-05-30 04:31:01,834 INFO loop_a: clean (or transient — attention=0, stale_hb_new=0)
2026-05-30 04:33:04,702 INFO loop_a: clean (or transient — attention=0, stale_hb_new=0)
2026-05-30 04:35:07,041 INFO loop_a: clean (or transient — attention=0, stale_hb_new=0)
2026-05-30 04:36:23,712 INFO loop_c: no new messages to tag
2026-05-30 04:37:09,560 INFO loop_a: clean (or transient — attention=0, stale_hb_new=0)
2026-05-30 04:38:41,425 INFO loop_b observation: Memory hygiene: • memory: 5 index entries >200 chars • memory: 20 dead [[backlinks]]
2026-05-30 04:39:12,030 INFO loop_a: clean (or transient — attention=0, stale_hb_new=0)
2026-05-30 04:41:14,758 INFO loop_a: clean (or transient — attention=0, stale_hb_new=0)
2026-05-30 04:43:17,310 INFO loop_a: clean (or transient — attention=0, stale_hb_new=0)
2026-05-30 04:45:20,063 INFO loop_a: clean (or transient — attention=0, stale_hb_new=0)
2026-05-30 04:47:22,424 INFO loop_a: clean (or transient — attention=0, stale_hb_new=0)
2026-05-30 04:49:25,363 INFO loop_a: clean (or transient — attention=0, stale_hb_new=0)
2026-05-30 04:51:28,360 INFO loop_a: clean (or transient — attention=0, stale_hb_new=0)
2026-05-30 04:53:31,157 INFO loop_a: clean (or transient — attention=0, stale_hb_new=0)
2026-05-30 04:55:33,735 INFO loop_a: clean (or transient — attention=0, stale_hb_new=0)
2026-05-30 04:57:36,266 INFO loop_a: clean (or transient — attention=0, stale_hb_new=0)
2026-05-30 04:59:38,919 INFO loop_a: clean (or transient — attention=0, stale_hb_new=0)
2026-05-30 05:01:42,025 INFO loop_a: clean (or transient — attention=0, stale_hb_new=0)
2026-05-30 05:03:44,911 INFO loop_a: clean (or transient — attention=0, stale_hb_new=0)
2026-05-30 05:05:47,702 INFO loop_a: clean (or transient — attention=0, stale_hb_new=0)
2026-05-30 05:07:50,332 INFO loop_a: clean (or transient — attention=0, stale_hb_new=0)
2026-05-30 05:08:41,438 INFO loop_b observation: Memory hygiene: • memory: 5 index entries >200 chars • memory: 20 dead [[backlinks]]
2026-05-30 05:09:52,681 INFO loop_a: clean (or transient — attention=0, stale_hb_new=0)
2026-05-30 05:11:55,225 INFO loop_a: clean (or transient — attention=0, stale_hb_new=0)
2026-05-30 05:13:57,540 INFO loop_a: clean (or transient — attention=0, stale_hb_new=0)
2026-05-30 05:16:00,349 INFO loop_a: clean (or transient — attention=0, stale_hb_new=0)
2026-05-30 05:18:03,045 INFO loop_a: clean (or transient — attention=0, stale_hb_new=0)
2026-05-30 05:20:06,017 INFO loop_a: clean (or transient — attention=0, stale_hb_new=0)
2026-05-30 05:22:08,834 INFO loop_a: clean (or transient — attention=0, stale_hb_new=0)
2026-05-30 05:24:11,722 INFO loop_a: clean (or transient — attention=0, stale_hb_new=0)
2026-05-30 05:26:14,188 INFO loop_a: clean (or transient — attention=0, stale_hb_new=0)
2026-05-30 05:28:17,043 INFO loop_a: clean (or transient — attention=0, stale_hb_new=0)
2026-05-30 05:30:19,596 INFO loop_a: clean (or transient — attention=0, stale_hb_new=0)
2026-05-30 05:32:21,970 INFO loop_a: clean (or transient — attention=0, stale_hb_new=0)
2026-05-30 05:34:24,965 INFO loop_a: clean (or transient — attention=0, stale_hb_new=0)
2026-05-30 05:36:27,705 INFO loop_a: clean (or transient — attention=0, stale_hb_new=0)
2026-05-30 05:36:27,708 INFO loop_c: no new messages to tag
2026-05-30 05:38:30,515 INFO loop_a: clean (or transient — attention=0, stale_hb_new=0)
2026-05-30 05:38:45,787 INFO loop_b observation: Memory hygiene: • memory: 5 index entries >200 chars • memory: 20 dead [[backlinks]]
2026-05-30 05:40:32,895 INFO loop_a: clean (or transient — attention=0, stale_hb_new=0)
2026-05-30 05:42:35,694 INFO loop_a: clean (or transient — attention=0, stale_hb_new=0)
2026-05-30 05:44:38,473 INFO loop_a: clean (or transient — attention=0, stale_hb_new=0)
2026-05-30 05:46:41,080 INFO loop_a: clean (or transient — attention=0, stale_hb_new=0)
2026-05-30 05:48:43,911 INFO loop_a: clean (or transient — attention=0, stale_hb_new=0)
2026-05-30 05:50:46,433 INFO loop_a: clean (or transient — attention=0, stale_hb_new=0)
2026-05-30 05:52:49,010 INFO loop_a: clean (or transient — attention=0, stale_hb_new=0)
2026-05-30 05:54:51,469 INFO loop_a: clean (or transient — attention=0, stale_hb_new=0)
2026-05-30 05:56:54,194 INFO loop_a: clean (or transient — attention=0, stale_hb_new=0)
2026-05-30 05:58:57,013 INFO loop_a: clean (or transient — attention=0, stale_hb_new=0)
2026-05-30 06:00:59,857 INFO loop_a: clean (or transient — attention=0, stale_hb_new=0)
2026-05-30 06:03:02,426 INFO loop_a: clean (or transient — attention=0, stale_hb_new=0)
2026-05-30 06:05:05,119 INFO loop_a: clean (or transient — attention=0, stale_hb_new=0)
2026-05-30 06:07:08,124 INFO loop_a: clean (or transient — attention=0, stale_hb_new=0)
2026-05-30 06:08:50,395 INFO loop_b observation: Memory hygiene: • memory: 5 index entries >200 chars • memory: 20 dead [[backlinks]]
2026-05-30 06:09:10,921 INFO loop_a: clean (or transient — attention=0, stale_hb_new=0)
2026-05-30 06:11:13,719 INFO loop_a: clean (or transient — attention=0, stale_hb_new=0)
2026-05-30 06:13:16,533 INFO loop_a: clean (or transient — attention=0, stale_hb_new=0)
2026-05-30 06:15:18,905 INFO loop_a: clean (or transient — attention=0, stale_hb_new=0)
2026-05-30 06:17:21,596 INFO loop_a: clean (or transient — attention=0, stale_hb_new=0)
2026-05-30 06:19:24,043 INFO loop_a: clean (or transient — attention=0, stale_hb_new=0)
2026-05-30 06:21:26,325 INFO loop_a: clean (or transient — attention=0, stale_hb_new=0)
2026-05-30 06:23:28,964 INFO loop_a: clean (or transient — attention=0, stale_hb_new=0)
2026-05-30 06:25:31,329 INFO loop_a: clean (or transient — attention=0, stale_hb_new=0)
2026-05-30 06:27:34,013 INFO loop_a: clean (or transient — attention=0, stale_hb_new=0)
2026-05-30 06:29:36,421 INFO loop_a: clean (or transient — attention=0, stale_hb_new=0)
2026-05-30 06:31:39,226 INFO loop_a: clean (or transient — attention=0, stale_hb_new=0)
2026-05-30 06:33:42,169 INFO loop_a: clean (or transient — attention=0, stale_hb_new=0)
2026-05-30 06:35:44,807 INFO loop_a: clean (or transient — attention=0, stale_hb_new=0)
2026-05-30 06:36:30,538 INFO loop_c: no new messages to tag
2026-05-30 06:37:47,238 INFO loop_a: clean (or transient — attention=0, stale_hb_new=0)
2026-05-30 06:38:53,649 INFO loop_b observation: Memory hygiene: • memory: 5 index entries >200 chars • memory: 20 dead [[backlinks]]
2026-05-30 06:39:49,878 INFO loop_a: clean (or transient — attention=0, stale_hb_new=0)
2026-05-30 06:41:51,928 INFO loop_a: clean (or transient — attention=0, stale_hb_new=0)
2026-05-30 06:43:54,440 INFO loop_a: clean (or transient — attention=0, stale_hb_new=0)
2026-05-30 06:45:57,614 INFO loop_a: clean (or transient — attention=0, stale_hb_new=0)
2026-05-30 06:48:00,353 INFO loop_a: clean (or transient — attention=0, stale_hb_new=0)
2026-05-30 06:50:02,654 INFO loop_a: clean (or transient — attention=0, stale_hb_new=0)
2026-05-30 06:52:04,993 INFO loop_a: clean (or transient — attention=0, stale_hb_new=0)
2026-05-30 06:54:07,736 INFO loop_a: clean (or transient — attention=0, stale_hb_new=0)
2026-05-30 06:56:10,453 INFO loop_a: clean (or transient — attention=0, stale_hb_new=0)
2026-05-30 06:58:12,720 INFO loop_a: clean (or transient — attention=0, stale_hb_new=0)
2026-05-30 07:00:15,582 INFO loop_a: clean (or transient — attention=0, stale_hb_new=0)
2026-05-30 07:02:18,447 INFO loop_a: clean (or transient — attention=0, stale_hb_new=0)
2026-05-30 07:04:20,966 INFO loop_a: clean (or transient — attention=0, stale_hb_new=0)
2026-05-30 07:06:23,407 INFO loop_a: clean (or transient — attention=0, stale_hb_new=0)
2026-05-30 07:08:25,947 INFO loop_a: clean (or transient — attention=0, stale_hb_new=0)
2026-05-30 07:08:56,611 INFO loop_b observation: Memory hygiene: • memory: 5 index entries >200 chars • memory: 20 dead [[backlinks]]
2026-05-30 07:10:28,355 INFO loop_a: clean (or transient — attention=0, stale_hb_new=0)
2026-05-30 07:12:30,897 INFO loop_a: clean (or transient — attention=0, stale_hb_new=0)
2026-05-30 07:14:33,513 INFO loop_a: clean (or transient — attention=0, stale_hb_new=0)
2026-05-30 07:16:35,763 INFO loop_a: clean (or transient — attention=0, stale_hb_new=0)
2026-05-30 07:18:38,212 INFO loop_a: clean (or transient — attention=0, stale_hb_new=0)
2026-05-30 07:20:41,218 INFO loop_a: clean (or transient — attention=0, stale_hb_new=0)
2026-05-30 07:22:43,576 INFO loop_a: clean (or transient — attention=0, stale_hb_new=0)
2026-05-30 07:24:46,322 INFO loop_a: clean (or transient — attention=0, stale_hb_new=0)
2026-05-30 07:26:48,679 INFO loop_a: clean (or transient — attention=0, stale_hb_new=0)
2026-05-30 07:28:51,135 INFO loop_a: clean (or transient — attention=0, stale_hb_new=0)
2026-05-30 07:30:53,629 INFO loop_a: clean (or transient — attention=0, stale_hb_new=0)
2026-05-30 07:32:55,848 INFO loop_a: clean (or transient — attention=0, stale_hb_new=0)
2026-05-30 07:34:58,527 INFO loop_a: clean (or transient — attention=0, stale_hb_new=0)
2026-05-30 07:36:35,373 INFO loop_c: no new messages to tag
2026-05-30 07:37:00,844 INFO loop_a: clean (or transient — attention=0, stale_hb_new=0)
2026-05-30 07:38:58,072 INFO loop_b observation: Memory hygiene: • memory: 5 index entries >200 chars • memory: 20 dead [[backlinks]]
2026-05-30 07:39:03,231 INFO loop_a: clean (or transient — attention=0, stale_hb_new=0)
2026-05-30 07:41:05,948 INFO loop_a: clean (or transient — attention=0, stale_hb_new=0)
2026-05-30 07:43:08,648 INFO loop_a: clean (or transient — attention=0, stale_hb_new=0)
2026-05-30 07:45:11,457 INFO loop_a: clean (or transient — attention=0, stale_hb_new=0)
2026-05-30 07:47:13,917 INFO loop_a: clean (or transient — attention=0, stale_hb_new=0)
2026-05-30 07:49:16,457 INFO loop_a: clean (or transient — attention=0, stale_hb_new=0)
2026-05-30 07:51:18,870 INFO loop_a: clean (or transient — attention=0, stale_hb_new=0)
2026-05-30 07:53:21,469 INFO loop_a: clean (or transient — attention=0, stale_hb_new=0)
2026-05-30 07:55:23,900 INFO loop_a: clean (or transient — attention=0, stale_hb_new=0)
2026-05-30 07:57:26,506 INFO loop_a: clean (or transient — attention=0, stale_hb_new=0)
2026-05-30 07:59:29,000 INFO loop_a: clean (or transient — attention=0, stale_hb_new=0)
2026-05-30 08:01:31,741 INFO loop_a: clean (or transient — attention=0, stale_hb_new=0)
2026-05-30 08:03:34,266 INFO loop_a: clean (or transient — attention=0, stale_hb_new=0)
2026-05-30 08:05:37,220 INFO loop_a: clean (or transient — attention=0, stale_hb_new=0)
2026-05-30 08:07:39,763 INFO loop_a: clean (or transient — attention=0, stale_hb_new=0)
2026-05-30 08:09:01,664 INFO loop_b observation: Memory hygiene: • memory: 5 index entries >200 chars • memory: 20 dead [[backlinks]]
2026-05-30 08:09:42,495 INFO loop_a: clean (or transient — attention=0, stale_hb_new=0)
2026-05-30 08:11:45,301 INFO loop_a: clean (or transient — attention=0, stale_hb_new=0)
2026-05-30 08:13:47,956 INFO loop_a: clean (or transient — attention=0, stale_hb_new=0)
2026-05-30 08:15:50,977 INFO loop_a: clean (or transient — attention=0, stale_hb_new=0)
2026-05-30 08:17:53,692 INFO loop_a: clean (or transient — attention=0, stale_hb_new=0)
2026-05-30 08:19:56,206 INFO loop_a: clean (or transient — attention=0, stale_hb_new=0)
2026-05-30 08:21:58,670 INFO loop_a: clean (or transient — attention=0, stale_hb_new=0)
2026-05-30 08:24:01,213 INFO loop_a: clean (or transient — attention=0, stale_hb_new=0)
2026-05-30 08:26:03,535 INFO loop_a: clean (or transient — attention=0, stale_hb_new=0)
2026-05-30 08:28:06,126 INFO loop_a: clean (or transient — attention=0, stale_hb_new=0)
2026-05-30 08:30:08,625 INFO loop_a: clean (or transient — attention=0, stale_hb_new=0)
2026-05-30 08:32:11,315 INFO loop_a: clean (or transient — attention=0, stale_hb_new=0)
2026-05-30 08:34:13,876 INFO loop_a: clean (or transient — attention=0, stale_hb_new=0)
2026-05-30 08:36:16,578 INFO loop_a: clean (or transient — attention=0, stale_hb_new=0)
2026-05-30 08:36:37,129 INFO loop_c: no new messages to tag
2026-05-30 08:38:19,633 INFO loop_a: clean (or transient — attention=0, stale_hb_new=0)
2026-05-30 08:39:05,803 INFO loop_b observation: Memory hygiene: • memory: 5 index entries >200 chars • memory: 20 dead [[backlinks]]
2026-05-30 08:40:22,666 INFO loop_a: clean (or transient — attention=0, stale_hb_new=0)
2026-05-30 08:42:25,374 INFO loop_a: clean (or transient — attention=0, stale_hb_new=0)
2026-05-30 08:44:28,335 INFO loop_a: clean (or transient — attention=0, stale_hb_new=0)
2026-05-30 08:46:30,778 INFO loop_a: clean (or transient — attention=0, stale_hb_new=0)
2026-05-30 08:48:33,326 INFO loop_a: clean (or transient — attention=0, stale_hb_new=0)
2026-05-30 08:50:35,704 INFO loop_a: clean (or transient — attention=0, stale_hb_new=0)
2026-05-30 08:52:37,555 INFO loop_a: clean (or transient — attention=0, stale_hb_new=0)
2026-05-30 08:54:38,775 INFO loop_a: clean (or transient — attention=0, stale_hb_new=0)
2026-05-30 08:56:40,042 INFO loop_a: clean (or transient — attention=0, stale_hb_new=0)
2026-05-30 08:58:41,279 INFO loop_a: clean (or transient — attention=0, stale_hb_new=0)
2026-05-30 09:00:42,426 INFO loop_a: clean (or transient — attention=0, stale_hb_new=0)
2026-05-30 09:02:43,493 INFO loop_a: clean (or transient — attention=0, stale_hb_new=0)
2026-05-30 09:04:44,679 INFO loop_a: clean (or transient — attention=0, stale_hb_new=0)
2026-05-30 09:06:45,859 INFO loop_a: clean (or transient — attention=0, stale_hb_new=0)
2026-05-30 09:08:48,100 INFO loop_a: clean (or transient — attention=0, stale_hb_new=0)
2026-05-30 09:09:08,266 INFO loop_b observation: Memory hygiene: • memory: 5 index entries >200 chars • memory: 20 dead [[backlinks]]
2026-05-30 09:10:49,218 INFO loop_a: clean (or transient — attention=0, stale_hb_new=0)
2026-05-30 09:12:50,424 INFO loop_a: clean (or transient — attention=0, stale_hb_new=0)
2026-05-30 09:14:51,534 INFO loop_a: clean (or transient — attention=0, stale_hb_new=0)
2026-05-30 09:16:52,510 INFO loop_a: clean (or transient — attention=0, stale_hb_new=0)
2026-05-30 09:18:53,533 INFO loop_a: clean (or transient — attention=0, stale_hb_new=0)
2026-05-30 09:20:54,604 INFO loop_a: clean (or transient — attention=0, stale_hb_new=0)
2026-05-30 09:22:55,641 INFO loop_a: clean (or transient — attention=0, stale_hb_new=0)
2026-05-30 09:24:56,888 INFO loop_a: clean (or transient — attention=0, stale_hb_new=0)
2026-05-30 09:26:57,888 INFO loop_a: clean (or transient — attention=0, stale_hb_new=0)
2026-05-30 09:28:59,067 INFO loop_a: clean (or transient — attention=0, stale_hb_new=0)
2026-05-30 09:31:00,287 INFO loop_a: clean (or transient — attention=0, stale_hb_new=0)
2026-05-30 09:33:01,769 INFO loop_a: clean (or transient — attention=0, stale_hb_new=0)
2026-05-30 09:35:04,031 INFO loop_a: clean (or transient — attention=0, stale_hb_new=0)
2026-05-30 09:36:41,118 INFO loop_c: no new messages to tag
2026-05-30 09:37:06,321 INFO loop_a: clean (or transient — attention=0, stale_hb_new=0)
2026-05-30 09:39:07,586 INFO loop_a: clean (or transient — attention=0, stale_hb_new=0)
2026-05-30 09:39:12,689 INFO loop_b observation: Memory hygiene: • memory: 5 index entries >200 chars • memory: 20 dead [[backlinks]]
2026-05-30 09:41:08,758 INFO loop_a: clean (or transient — attention=0, stale_hb_new=0)
2026-05-30 09:43:10,221 INFO loop_a: clean (or transient — attention=0, stale_hb_new=0)
2026-05-30 09:45:13,055 INFO loop_a: clean (or transient — attention=0, stale_hb_new=0)
2026-05-30 09:47:15,207 INFO loop_a: clean (or transient — attention=0, stale_hb_new=0)
2026-05-30 09:49:16,516 INFO loop_a: clean (or transient — attention=0, stale_hb_new=0)
2026-05-30 09:51:17,798 INFO loop_a: clean (or transient — attention=0, stale_hb_new=0)
2026-05-30 09:53:19,047 INFO loop_a: clean (or transient — attention=0, stale_hb_new=0)
2026-05-30 09:55:20,120 INFO loop_a: clean (or transient — attention=0, stale_hb_new=0)
2026-05-30 09:57:22,593 INFO loop_a: clean (or transient — attention=0, stale_hb_new=0)
2026-05-30 09:59:24,919 INFO loop_a: clean (or transient — attention=0, stale_hb_new=0)
2026-05-30 10:01:27,132 INFO loop_a: clean (or transient — attention=0, stale_hb_new=0)
2026-05-30 10:03:29,598 INFO loop_a: clean (or transient — attention=0, stale_hb_new=0)
2026-05-30 10:05:32,174 INFO loop_a: clean (or transient — attention=0, stale_hb_new=0)
2026-05-30 10:07:35,075 INFO loop_a: clean (or transient — attention=0, stale_hb_new=0)
2026-05-30 10:09:17,655 INFO loop_b observation: Memory hygiene: • memory: 5 index entries >200 chars • memory: 20 dead [[backlinks]]
2026-05-30 10:09:38,231 INFO loop_a: clean (or transient — attention=0, stale_hb_new=0)
2026-05-30 10:11:40,821 INFO loop_a: clean (or transient — attention=0, stale_hb_new=0)
2026-05-30 10:13:43,597 INFO loop_a: clean (or transient — attention=0, stale_hb_new=0)
2026-05-30 10:15:46,598 INFO loop_a: clean (or transient — attention=0, stale_hb_new=0)
2026-05-30 10:17:49,589 INFO loop_a: clean (or transient — attention=0, stale_hb_new=0)
2026-05-30 10:19:52,210 INFO loop_a: clean (or transient — attention=0, stale_hb_new=0)
2026-05-30 10:21:54,478 INFO loop_a: clean (or transient — attention=0, stale_hb_new=0)
2026-05-30 10:23:57,386 INFO loop_a: clean (or transient — attention=0, stale_hb_new=0)
2026-05-30 10:26:00,057 INFO loop_a: clean (or transient — attention=0, stale_hb_new=0)
2026-05-30 10:28:02,940 INFO loop_a: clean (or transient — attention=0, stale_hb_new=0)
2026-05-30 10:30:05,897 INFO loop_a: clean (or transient — attention=0, stale_hb_new=0)
2026-05-30 10:32:07,341 INFO loop_a: clean (or transient — attention=0, stale_hb_new=0)
2026-05-30 10:34:08,362 INFO loop_a: clean (or transient — attention=0, stale_hb_new=0)
2026-05-30 10:36:09,649 INFO loop_a: clean (or transient — attention=0, stale_hb_new=0)
2026-05-30 10:36:44,891 INFO loop_c: no new messages to tag
2026-05-30 10:38:10,678 INFO loop_a: clean (or transient — attention=0, stale_hb_new=0)
2026-05-30 10:39:21,338 INFO loop_b observation: Memory hygiene: • memory: 5 index entries >200 chars • memory: 20 dead [[backlinks]]
2026-05-30 10:40:11,826 INFO loop_a: clean (or transient — attention=0, stale_hb_new=0)
2026-05-30 10:42:12,944 INFO loop_a: clean (or transient — attention=0, stale_hb_new=0)
2026-05-30 10:44:14,364 INFO loop_a: clean (or transient — attention=0, stale_hb_new=0)
2026-05-30 10:46:15,764 INFO loop_a: clean (or transient — attention=0, stale_hb_new=0)
2026-05-30 10:48:16,987 INFO loop_a: clean (or transient — attention=0, stale_hb_new=0)
2026-05-30 10:50:18,027 INFO loop_a: clean (or transient — attention=0, stale_hb_new=0)
2026-05-30 10:52:19,351 INFO loop_a: clean (or transient — attention=0, stale_hb_new=0)
2026-05-30 10:54:21,163 INFO loop_a: clean (or transient — attention=0, stale_hb_new=0)
2026-05-30 10:56:23,620 INFO loop_a: clean (or transient — attention=0, stale_hb_new=0)
2026-05-30 10:58:26,190 INFO loop_a: clean (or transient — attention=0, stale_hb_new=0)
2026-05-30 11:00:28,881 INFO loop_a: clean (or transient — attention=0, stale_hb_new=0)
2026-05-30 11:02:31,492 INFO loop_a: clean (or transient — attention=0, stale_hb_new=0)
2026-05-30 11:04:34,191 INFO loop_a: clean (or transient — attention=0, stale_hb_new=0)
2026-05-30 11:06:37,341 INFO loop_a: clean (or transient — attention=0, stale_hb_new=0)
2026-05-30 11:08:40,152 INFO loop_a: clean (or transient — attention=0, stale_hb_new=0)
2026-05-30 11:09:26,387 INFO loop_b observation: Memory hygiene: • memory: 5 index entries >200 chars • memory: 20 dead [[backlinks]]
2026-05-30 11:10:43,165 INFO loop_a: clean (or transient — attention=0, stale_hb_new=0)
2026-05-30 11:12:45,530 INFO loop_a: clean (or transient — attention=0, stale_hb_new=0)
2026-05-30 11:14:46,492 INFO loop_a: clean (or transient — attention=0, stale_hb_new=0)
2026-05-30 11:16:47,497 INFO loop_a: clean (or transient — attention=0, stale_hb_new=0)
2026-05-30 11:18:48,933 INFO loop_a: clean (or transient — attention=0, stale_hb_new=0)
2026-05-30 11:20:50,556 INFO loop_a: clean (or transient — attention=0, stale_hb_new=0)
2026-05-30 11:22:52,826 INFO loop_a: clean (or transient — attention=0, stale_hb_new=0)
2026-05-30 11:24:54,985 INFO loop_a: clean (or transient — attention=0, stale_hb_new=0)
2026-05-30 11:26:57,363 INFO loop_a: clean (or transient — attention=0, stale_hb_new=0)
2026-05-30 11:28:58,409 INFO loop_a: clean (or transient — attention=0, stale_hb_new=0)
2026-05-30 11:30:59,470 INFO loop_a: clean (or transient — attention=0, stale_hb_new=0)
2026-05-30 11:33:00,759 INFO loop_a: clean (or transient — attention=0, stale_hb_new=0)
2026-05-30 11:35:01,865 INFO loop_a: clean (or transient — attention=0, stale_hb_new=0)
2026-05-30 11:36:48,336 INFO loop_c: no new messages to tag
2026-05-30 11:37:03,642 INFO loop_a: clean (or transient — attention=0, stale_hb_new=0)
2026-05-30 11:39:05,145 INFO loop_a: clean (or transient — attention=0, stale_hb_new=0)
2026-05-30 11:39:30,335 INFO loop_b observation: Memory hygiene: • memory: 5 index entries >200 chars • memory: 20 dead [[backlinks]]
2026-05-30 11:41:06,260 INFO loop_a: clean (or transient — attention=0, stale_hb_new=0)
2026-05-30 11:43:07,139 INFO loop_a: clean (or transient — attention=0, stale_hb_new=0)
2026-05-30 11:45:09,324 INFO loop_a: clean (or transient — attention=0, stale_hb_new=0)
2026-05-30 11:47:11,935 INFO loop_a: clean (or transient — attention=0, stale_hb_new=0)
2026-05-30 11:49:14,473 INFO loop_a: clean (or transient — attention=0, stale_hb_new=0)
2026-05-30 11:51:17,454 INFO loop_a: clean (or transient — attention=0, stale_hb_new=0)
2026-05-30 11:53:20,161 INFO loop_a: clean (or transient — attention=0, stale_hb_new=0)
2026-05-30 11:55:22,331 INFO loop_a: clean (or transient — attention=0, stale_hb_new=0)
2026-05-30 11:57:24,870 INFO loop_a: clean (or transient — attention=0, stale_hb_new=0)
2026-05-30 11:59:27,870 INFO loop_a: clean (or transient — attention=0, stale_hb_new=0)
2026-05-30 12:01:30,691 INFO loop_a: clean (or transient — attention=0, stale_hb_new=0)
2026-05-30 12:03:32,394 INFO loop_a: clean (or transient — attention=0, stale_hb_new=0)
2026-05-30 12:05:33,472 INFO loop_a: clean (or transient — attention=0, stale_hb_new=0)
2026-05-30 12:07:34,780 INFO loop_a: clean (or transient — attention=0, stale_hb_new=0)
2026-05-30 12:09:30,976 INFO loop_b observation: Memory hygiene: • memory: 5 index entries >200 chars • memory: 20 dead [[backlinks]]
2026-05-30 12:09:36,055 INFO loop_a: clean (or transient — attention=0, stale_hb_new=0)
2026-05-30 12:11:37,252 INFO loop_a: clean (or transient — attention=0, stale_hb_new=0)
2026-05-30 12:13:38,343 INFO loop_a: clean (or transient — attention=0, stale_hb_new=0)
2026-05-30 12:15:40,356 INFO loop_a: clean (or transient — attention=0, stale_hb_new=0)
2026-05-30 12:17:41,796 INFO loop_a: clean (or transient — attention=0, stale_hb_new=0)
2026-05-30 12:19:42,934 INFO loop_a: clean (or transient — attention=0, stale_hb_new=0)
2026-05-30 12:21:44,199 INFO loop_a: clean (or transient — attention=0, stale_hb_new=0)
2026-05-30 12:23:45,140 INFO loop_a: clean (or transient — attention=0, stale_hb_new=0)
2026-05-30 12:25:46,239 INFO loop_a: clean (or transient — attention=0, stale_hb_new=0)
2026-05-30 12:27:47,701 INFO loop_a: clean (or transient — attention=0, stale_hb_new=0)
2026-05-30 12:29:48,741 INFO loop_a: clean (or transient — attention=0, stale_hb_new=0)
2026-05-30 12:31:50,168 INFO loop_a: clean (or transient — attention=0, stale_hb_new=0)
2026-05-30 12:33:51,867 INFO loop_a: clean (or transient — attention=0, stale_hb_new=0)
2026-05-30 12:35:53,320 INFO loop_a: clean (or transient — attention=0, stale_hb_new=0)
2026-05-30 12:36:48,847 INFO loop_c: no new messages to tag
2026-05-30 12:37:54,445 INFO loop_a: clean (or transient — attention=0, stale_hb_new=0)
2026-05-30 12:39:35,640 INFO loop_b observation: Memory hygiene: • memory: 5 index entries >200 chars • memory: 20 dead [[backlinks]]
2026-05-30 12:39:55,795 INFO loop_a: clean (or transient — attention=0, stale_hb_new=0)
2026-05-30 12:41:56,783 INFO loop_a: clean (or transient — attention=0, stale_hb_new=0)
2026-05-30 12:43:57,965 INFO loop_a: clean (or transient — attention=0, stale_hb_new=0)
2026-05-30 12:45:59,207 INFO loop_a: clean (or transient — attention=0, stale_hb_new=0)
2026-05-30 12:48:00,223 INFO loop_a: clean (or transient — attention=0, stale_hb_new=0)
2026-05-30 12:50:01,353 INFO loop_a: clean (or transient — attention=0, stale_hb_new=0)
2026-05-30 12:52:02,501 INFO loop_a: clean (or transient — attention=0, stale_hb_new=0)
2026-05-30 12:54:03,788 INFO loop_a: clean (or transient — attention=0, stale_hb_new=0)
2026-05-30 12:56:05,172 INFO loop_a: clean (or transient — attention=0, stale_hb_new=0)
2026-05-30 12:58:06,475 INFO loop_a: clean (or transient — attention=0, stale_hb_new=0)
2026-05-30 13:00:07,578 INFO loop_a: clean (or transient — attention=0, stale_hb_new=0)
2026-05-30 13:02:08,934 INFO loop_a: clean (or transient — attention=0, stale_hb_new=0)
2026-05-30 13:04:09,861 INFO loop_a: clean (or transient — attention=0, stale_hb_new=0)
2026-05-30 13:06:11,080 INFO loop_a: clean (or transient — attention=0, stale_hb_new=0)
2026-05-30 13:08:12,336 INFO loop_a: clean (or transient — attention=0, stale_hb_new=0)
2026-05-30 13:09:38,284 INFO loop_b observation: Memory hygiene: • memory: 5 index entries >200 chars • memory: 20 dead [[backlinks]]
2026-05-30 13:10:13,592 INFO loop_a: clean (or transient — attention=0, stale_hb_new=0)
2026-05-30 13:12:15,241 INFO loop_a: clean (or transient — attention=0, stale_hb_new=0)
2026-05-30 13:14:17,262 INFO loop_a: clean (or transient — attention=0, stale_hb_new=0)
2026-05-30 13:16:19,207 INFO loop_a: clean (or transient — attention=0, stale_hb_new=0)
2026-05-30 13:18:20,429 INFO loop_a: clean (or transient — attention=0, stale_hb_new=0)
2026-05-30 13:20:21,657 INFO loop_a: clean (or transient — attention=0, stale_hb_new=0)
2026-05-30 13:22:23,226 INFO loop_a: clean (or transient — attention=0, stale_hb_new=0)
2026-05-30 13:24:25,490 INFO loop_a: clean (or transient — attention=0, stale_hb_new=0)
2026-05-30 13:26:27,432 INFO loop_a: clean (or transient — attention=0, stale_hb_new=0)
2026-05-30 13:28:29,047 INFO loop_a: clean (or transient — attention=0, stale_hb_new=0)
2026-05-30 13:30:30,436 INFO loop_a: clean (or transient — attention=0, stale_hb_new=0)
2026-05-30 13:32:31,519 INFO loop_a: clean (or transient — attention=0, stale_hb_new=0)
2026-05-30 13:34:32,733 INFO loop_a: clean (or transient — attention=0, stale_hb_new=0)
2026-05-30 13:36:33,852 INFO loop_a: clean (or transient — attention=0, stale_hb_new=0)
2026-05-30 13:36:49,035 INFO loop_c: no new messages to tag
2026-05-30 13:38:35,035 INFO loop_a: clean (or transient — attention=0, stale_hb_new=0)
2026-05-30 13:39:40,715 INFO loop_b observation: Memory hygiene: • memory: 5 index entries >200 chars • memory: 20 dead [[backlinks]]
2026-05-30 13:40:36,255 INFO loop_a: clean (or transient — attention=0, stale_hb_new=0)
2026-05-30 13:42:37,522 INFO loop_a: clean (or transient — attention=0, stale_hb_new=0)
2026-05-30 13:44:38,724 INFO loop_a: clean (or transient — attention=0, stale_hb_new=0)
2026-05-30 13:46:39,949 INFO loop_a: clean (or transient — attention=0, stale_hb_new=0)
2026-05-30 13:48:41,058 INFO loop_a: clean (or transient — attention=0, stale_hb_new=0)
2026-05-30 13:50:42,268 INFO loop_a: clean (or transient — attention=0, stale_hb_new=0)
2026-05-30 13:52:43,506 INFO loop_a: clean (or transient — attention=0, stale_hb_new=0)
2026-05-30 13:54:44,905 INFO loop_a: clean (or transient — attention=0, stale_hb_new=0)
2026-05-30 13:56:46,148 INFO loop_a: clean (or transient — attention=0, stale_hb_new=0)
2026-05-30 13:58:47,347 INFO loop_a: clean (or transient — attention=0, stale_hb_new=0)
2026-05-30 14:00:48,571 INFO loop_a: clean (or transient — attention=0, stale_hb_new=0)
2026-05-30 14:02:50,006 INFO loop_a: clean (or transient — attention=0, stale_hb_new=0)
2026-05-30 14:04:52,020 INFO loop_a: clean (or transient — attention=0, stale_hb_new=0)
2026-05-30 14:06:53,982 INFO loop_a: clean (or transient — attention=0, stale_hb_new=0)
2026-05-30 14:08:55,287 INFO loop_a: clean (or transient — attention=0, stale_hb_new=0)
2026-05-30 14:09:40,751 INFO loop_b observation: Memory hygiene: • memory: 5 index entries >200 chars • memory: 20 dead [[backlinks]]
2026-05-30 14:10:56,581 INFO loop_a: clean (or transient — attention=0, stale_hb_new=0)
2026-05-30 14:12:57,933 INFO loop_a: clean (or transient — attention=0, stale_hb_new=0)
2026-05-30 14:14:59,109 INFO loop_a: clean (or transient — attention=0, stale_hb_new=0)
2026-05-30 14:17:00,462 INFO loop_a: clean (or transient — attention=0, stale_hb_new=0)
2026-05-30 14:19:01,650 INFO loop_a: clean (or transient — attention=0, stale_hb_new=0)
2026-05-30 14:21:02,843 INFO loop_a: clean (or transient — attention=0, stale_hb_new=0)
2026-05-30 14:23:04,140 INFO loop_a: clean (or transient — attention=0, stale_hb_new=0)
2026-05-30 14:25:05,274 INFO loop_a: clean (or transient — attention=0, stale_hb_new=0)
2026-05-30 14:27:06,375 INFO loop_a: clean (or transient — attention=0, stale_hb_new=0)
2026-05-30 14:29:07,615 INFO loop_a: clean (or transient — attention=0, stale_hb_new=0)
2026-05-30 14:31:08,643 INFO loop_a: clean (or transient — attention=0, stale_hb_new=0)
2026-05-30 14:33:09,827 INFO loop_a: clean (or transient — attention=0, stale_hb_new=0)
2026-05-30 14:35:10,760 INFO loop_a: clean (or transient — attention=0, stale_hb_new=0)
2026-05-30 14:36:51,772 INFO loop_c: no new messages to tag
2026-05-30 14:37:11,974 INFO loop_a: clean (or transient — attention=0, stale_hb_new=0)
2026-05-30 14:39:14,176 INFO loop_a: clean (or transient — attention=0, stale_hb_new=0)
2026-05-30 14:39:44,496 INFO loop_b observation: Memory hygiene: • memory: 5 index entries >200 chars • memory: 20 dead [[backlinks]]
2026-05-30 14:41:15,317 INFO loop_a: clean (or transient — attention=0, stale_hb_new=0)
2026-05-30 14:43:16,643 INFO loop_a: clean (or transient — attention=0, stale_hb_new=0)
2026-05-30 14:45:17,732 INFO loop_a: clean (or transient — attention=0, stale_hb_new=0)
2026-05-30 14:47:19,401 INFO loop_a: clean (or transient — attention=0, stale_hb_new=0)
2026-05-30 14:49:22,048 INFO loop_a: clean (or transient — attention=0, stale_hb_new=0)
2026-05-30 14:51:23,944 INFO loop_a: clean (or transient — attention=0, stale_hb_new=0)
2026-05-30 14:53:25,162 INFO loop_a: clean (or transient — attention=0, stale_hb_new=0)
2026-05-30 14:55:26,219 INFO loop_a: clean (or transient — attention=0, stale_hb_new=0)
2026-05-30 14:57:27,173 INFO loop_a: clean (or transient — attention=0, stale_hb_new=0)
2026-05-30 14:59:28,464 INFO loop_a: clean (or transient — attention=0, stale_hb_new=0)
2026-05-30 15:01:29,504 INFO loop_a: clean (or transient — attention=0, stale_hb_new=0)
2026-05-30 15:03:30,451 INFO loop_a: clean (or transient — attention=0, stale_hb_new=0)
2026-05-30 15:05:32,560 INFO loop_a: clean (or transient — attention=0, stale_hb_new=0)
2026-05-30 15:07:34,874 INFO loop_a: clean (or transient — attention=0, stale_hb_new=0)
2026-05-30 15:09:37,412 INFO loop_a: clean (or transient — attention=0, stale_hb_new=0)
2026-05-30 15:09:47,546 INFO loop_b observation: Memory hygiene: • memory: 5 index entries >200 chars • memory: 20 dead [[backlinks]]
2026-05-30 15:11:38,317 INFO loop_a: clean (or transient — attention=0, stale_hb_new=0)
2026-05-30 15:13:39,374 INFO loop_a: clean (or transient — attention=0, stale_hb_new=0)
2026-05-30 15:15:40,638 INFO loop_a: clean (or transient — attention=0, stale_hb_new=0)
2026-05-30 15:17:41,911 INFO loop_a: clean (or transient — attention=0, stale_hb_new=0)
2026-05-30 15:19:43,352 INFO loop_a: clean (or transient — attention=0, stale_hb_new=0)
2026-05-30 15:21:45,870 INFO loop_a: clean (or transient — attention=0, stale_hb_new=0)
2026-05-30 15:23:48,474 INFO loop_a: clean (or transient — attention=0, stale_hb_new=0)
2026-05-30 15:25:50,911 INFO loop_a: clean (or transient — attention=0, stale_hb_new=0)
2026-05-30 15:27:51,982 INFO loop_a: clean (or transient — attention=0, stale_hb_new=0)
2026-05-30 15:29:52,853 INFO loop_a: clean (or transient — attention=0, stale_hb_new=0)
2026-05-30 15:31:53,745 INFO loop_a: clean (or transient — attention=0, stale_hb_new=0)
2026-05-30 15:33:54,829 INFO loop_a: clean (or transient — attention=0, stale_hb_new=0)
2026-05-30 15:35:55,965 INFO loop_a: clean (or transient — attention=0, stale_hb_new=0)
2026-05-30 15:36:56,365 INFO loop_c: no new messages to tag
2026-05-30 15:37:56,890 INFO loop_a: clean (or transient — attention=0, stale_hb_new=0)
2026-05-30 15:39:47,829 INFO loop_b observation: Memory hygiene: • memory: 5 index entries >200 chars • memory: 20 dead [[backlinks]] • memory: 2 files missing from index
2026-05-30 15:39:57,910 INFO loop_a: clean (or transient — attention=0, stale_hb_new=0)
2026-05-30 15:41:59,279 INFO loop_a: clean (or transient — attention=0, stale_hb_new=0)
2026-05-30 15:44:01,745 INFO loop_a: clean (or transient — attention=0, stale_hb_new=0)
2026-05-30 15:46:04,503 INFO loop_a: clean (or transient — attention=0, stale_hb_new=0)
2026-05-30 15:48:05,659 INFO loop_a: clean (or transient — attention=0, stale_hb_new=0)
2026-05-30 15:50:06,816 INFO loop_a: clean (or transient — attention=0, stale_hb_new=0)
2026-05-30 15:52:08,042 INFO loop_a: clean (or transient — attention=0, stale_hb_new=0)
2026-05-30 15:54:10,020 INFO loop_a: clean (or transient — attention=0, stale_hb_new=0)
2026-05-30 15:56:11,047 INFO loop_a: clean (or transient — attention=0, stale_hb_new=0)
2026-05-30 15:58:12,265 INFO loop_a: clean (or transient — attention=0, stale_hb_new=0)
2026-05-30 16:00:13,562 INFO loop_a: clean (or transient — attention=0, stale_hb_new=0)
2026-05-30 16:02:15,496 INFO loop_a: clean (or transient — attention=0, stale_hb_new=0)
2026-05-30 16:04:16,526 INFO loop_a: clean (or transient — attention=0, stale_hb_new=0)
2026-05-30 16:06:17,462 INFO loop_a: clean (or transient — attention=0, stale_hb_new=0)
2026-05-30 16:08:19,261 INFO loop_a: clean (or transient — attention=0, stale_hb_new=0)
2026-05-30 16:09:51,047 INFO loop_b observation: Memory hygiene: • memory: 5 index entries >200 chars • memory: 20 dead [[backlinks]] • memory: 3 files missing from index
2026-05-30 16:10:21,338 INFO loop_a: clean (or transient — attention=0, stale_hb_new=0)
2026-05-30 16:12:22,490 INFO loop_a: clean (or transient — attention=0, stale_hb_new=0)
2026-05-30 16:14:23,636 INFO loop_a: clean (or transient — attention=0, stale_hb_new=0)
2026-05-30 16:16:24,992 INFO loop_a: clean (or transient — attention=0, stale_hb_new=0)
2026-05-30 16:18:26,021 INFO loop_a: clean (or transient — attention=0, stale_hb_new=0)
2026-05-30 16:20:27,249 INFO loop_a: clean (or transient — attention=0, stale_hb_new=0)
2026-05-30 16:22:28,397 INFO loop_a: clean (or transient — attention=0, stale_hb_new=0)
2026-05-30 16:24:29,672 INFO loop_a: clean (or transient — attention=0, stale_hb_new=0)
2026-05-30 16:26:30,914 INFO loop_a: clean (or transient — attention=0, stale_hb_new=0)
2026-05-30 16:28:31,995 INFO loop_a: clean (or transient — attention=0, stale_hb_new=0)
2026-05-30 16:30:33,158 INFO loop_a: clean (or transient — attention=0, stale_hb_new=0)
2026-05-30 16:32:34,576 INFO loop_a: clean (or transient — attention=0, stale_hb_new=0)
2026-05-30 16:34:35,765 INFO loop_a: clean (or transient — attention=0, stale_hb_new=0)
2026-05-30 16:36:37,059 INFO loop_a: clean (or transient — attention=0, stale_hb_new=0)
2026-05-30 16:36:57,260 INFO loop_c: no new messages to tag
2026-05-30 16:38:38,318 INFO loop_a: clean (or transient — attention=0, stale_hb_new=0)
2026-05-30 16:39:54,169 INFO loop_b observation: Memory hygiene: • memory: 5 index entries >200 chars • memory: 20 dead [[backlinks]] • memory: 3 files missing from index
2026-05-30 16:40:39,597 INFO loop_a: clean (or transient — attention=0, stale_hb_new=0)
2026-05-30 16:42:40,785 INFO loop_a: clean (or transient — attention=0, stale_hb_new=0)
2026-05-30 16:44:42,028 INFO loop_a: clean (or transient — attention=0, stale_hb_new=0)
2026-05-30 16:46:43,140 INFO loop_a: clean (or transient — attention=0, stale_hb_new=0)
2026-05-30 16:48:44,331 INFO loop_a: clean (or transient — attention=0, stale_hb_new=0)
2026-05-30 16:50:45,473 INFO loop_a: clean (or transient — attention=0, stale_hb_new=0)
2026-05-30 16:52:46,466 INFO loop_a: clean (or transient — attention=0, stale_hb_new=0)
2026-05-30 16:54:47,861 INFO loop_a: clean (or transient — attention=0, stale_hb_new=0)
2026-05-30 16:56:48,890 INFO loop_a: clean (or transient — attention=0, stale_hb_new=0)
2026-05-30 16:58:50,022 INFO loop_a: clean (or transient — attention=0, stale_hb_new=0)
2026-05-30 17:00:51,161 INFO loop_a: clean (or transient — attention=0, stale_hb_new=0)
2026-05-30 17:02:52,413 INFO loop_a: clean (or transient — attention=0, stale_hb_new=0)
2026-05-30 17:04:53,559 INFO loop_a: clean (or transient — attention=0, stale_hb_new=0)
2026-05-30 17:06:54,822 INFO loop_a: clean (or transient — attention=0, stale_hb_new=0)
2026-05-30 17:08:55,740 INFO loop_a: clean (or transient — attention=0, stale_hb_new=0)
2026-05-30 17:09:56,397 INFO loop_b observation: Memory hygiene: • memory: 6 index entries >200 chars • memory: 20 dead [[backlinks]] • memory: 3 files missing from index
2026-05-30 17:10:56,890 INFO loop_a: clean (or transient — attention=0, stale_hb_new=0)
2026-05-30 17:12:57,927 INFO loop_a: clean (or transient — attention=0, stale_hb_new=0)
2026-05-30 17:14:59,216 INFO loop_a: clean (or transient — attention=0, stale_hb_new=0)
2026-05-30 17:17:00,431 INFO loop_a: clean (or transient — attention=0, stale_hb_new=0)
2026-05-30 17:19:01,557 INFO loop_a: clean (or transient — attention=0, stale_hb_new=0)
2026-05-30 17:21:02,764 INFO loop_a: clean (or transient — attention=0, stale_hb_new=0)
2026-05-30 17:23:04,150 INFO loop_a: clean (or transient — attention=0, stale_hb_new=0)
2026-05-30 17:25:05,391 INFO loop_a: clean (or transient — attention=0, stale_hb_new=0)
2026-05-30 17:27:06,367 INFO loop_a: clean (or transient — attention=0, stale_hb_new=0)
2026-05-30 17:29:07,435 INFO loop_a: clean (or transient — attention=0, stale_hb_new=0)
2026-05-30 17:31:08,621 INFO loop_a: clean (or transient — attention=0, stale_hb_new=0)
2026-05-30 17:33:09,809 INFO loop_a: clean (or transient — attention=0, stale_hb_new=0)
2026-05-30 17:35:10,980 INFO loop_a: clean (or transient — attention=0, stale_hb_new=0)
2026-05-30 17:37:02,081 INFO loop_c: no new messages to tag
2026-05-30 17:37:12,181 INFO loop_a: clean (or transient — attention=0, stale_hb_new=0)
2026-05-30 17:39:13,322 INFO loop_a: clean (or transient — attention=0, stale_hb_new=0)
2026-05-30 17:39:58,812 INFO loop_b observation: Memory hygiene: • memory: 6 index entries >200 chars • memory: 20 dead [[backlinks]] • memory: 3 files missing from index
2026-05-30 17:41:14,591 INFO loop_a: clean (or transient — attention=0, stale_hb_new=0)
2026-05-30 17:43:15,599 INFO loop_a: clean (or transient — attention=1, stale_hb_new=0)
2026-05-30 17:45:17,025 INFO loop_a observation: 1 unresolved attention items.
2026-05-30 17:47:18,195 INFO loop_a observation: 1 unresolved attention items.
2026-05-30 17:49:19,468 INFO loop_a observation: 1 unresolved attention items.
2026-05-30 17:51:20,442 INFO loop_a observation: 1 unresolved attention items.
2026-05-30 17:53:22,947 INFO loop_a observation: 1 unresolved attention items.
2026-05-30 17:55:24,496 INFO loop_a observation: 1 unresolved attention items.
2026-05-30 17:57:25,541 INFO loop_a observation: 1 unresolved attention items.
2026-05-30 17:59:26,952 INFO loop_a observation: 1 unresolved attention items.
2026-05-30 18:01:28,160 INFO loop_a observation: 1 unresolved attention items.
2026-05-30 18:03:29,299 INFO loop_a observation: 1 unresolved attention items.
2026-05-30 18:05:31,563 INFO loop_a observation: 1 unresolved attention items.
2026-05-30 18:07:33,688 INFO loop_a observation: 1 unresolved attention items.
2026-05-30 18:09:34,902 INFO loop_a observation: 1 unresolved attention items.
2026-05-30 18:10:00,227 INFO loop_b observation: Memory hygiene: • memory: 6 index entries >200 chars • memory: 20 dead [[backlinks]] • memory: 3 files missing from index
2026-05-30 18:11:36,261 INFO loop_a observation: 1 unresolved attention items.
2026-05-30 18:13:37,512 INFO loop_a observation: 1 unresolved attention items.
2026-05-30 18:15:38,782 INFO loop_a observation: 1 unresolved attention items.
2026-05-30 18:17:39,978 INFO loop_a observation: 1 unresolved attention items.
2026-05-30 18:19:42,256 INFO loop_a observation: 1 unresolved attention items.
2026-05-30 18:21:44,252 INFO loop_a observation: 1 unresolved attention items.
2026-05-30 18:23:45,427 INFO loop_a observation: 1 unresolved attention items.
2026-05-30 18:25:46,499 INFO loop_a observation: 1 unresolved attention items.
2026-05-30 18:27:47,654 INFO loop_a observation: 1 unresolved attention items.
2026-05-30 18:29:49,020 INFO loop_a observation: 1 unresolved attention items.
2026-05-30 18:31:50,261 INFO loop_a observation: 1 unresolved attention items.
2026-05-30 18:33:51,592 INFO loop_a observation: 1 unresolved attention items.
2026-05-30 18:35:52,797 INFO loop_a observation: 1 unresolved attention items.
2026-05-30 18:37:03,600 INFO loop_c: no new messages to tag
2026-05-30 18:37:54,092 INFO loop_a observation: 1 unresolved attention items.
2026-05-30 18:39:55,117 INFO loop_a observation: 1 unresolved attention items.
2026-05-30 18:40:05,215 INFO loop_b observation: Memory hygiene: • memory: 6 index entries >200 chars • memory: 20 dead [[backlinks]] • memory: 3 files missing from index
2026-05-30 18:41:56,453 INFO loop_a observation: 1 unresolved attention items.
2026-05-30 18:43:57,552 INFO loop_a observation: 1 unresolved attention items.
2026-05-30 18:45:58,652 INFO loop_a observation: 1 unresolved attention items.
2026-05-30 18:47:59,531 INFO loop_a observation: 1 unresolved attention items.
2026-05-30 18:50:00,791 INFO loop_a observation: 1 unresolved attention items.
2026-05-30 18:52:01,897 INFO loop_a observation: 1 unresolved attention items.
2026-05-30 18:54:02,710 INFO loop_a observation: 1 unresolved attention items.
2026-05-30 18:56:04,661 INFO loop_a observation: 1 unresolved attention items.
2026-05-30 18:58:06,701 INFO loop_a observation: 1 unresolved attention items.
2026-05-30 19:00:08,700 INFO loop_a observation: 1 unresolved attention items.
2026-05-30 19:02:10,506 INFO loop_a observation: 1 unresolved attention items.
2026-05-30 19:04:11,625 INFO loop_a observation: 1 unresolved attention items.
2026-05-30 19:06:12,646 INFO loop_a observation: 1 unresolved attention items.
2026-05-30 19:08:14,168 INFO loop_a observation: 1 unresolved attention items.
2026-05-30 19:10:10,145 INFO loop_b observation: Memory hygiene: • memory: 6 index entries >200 chars • memory: 20 dead [[backlinks]] • memory: 4 files missing from index
2026-05-30 19:10:15,220 INFO loop_a observation: 1 unresolved attention items.
2026-05-30 19:12:16,308 INFO loop_a observation: 1 unresolved attention items.
2026-05-30 19:14:17,549 INFO loop_a observation: 1 unresolved attention items.
2026-05-30 19:16:18,740 INFO loop_a observation: 1 unresolved attention items.
2026-05-30 19:18:20,073 INFO loop_a observation: 1 unresolved attention items.
2026-05-30 19:20:21,945 INFO loop_a observation: 1 unresolved attention items.
2026-05-30 19:22:24,416 INFO loop_a observation: 1 unresolved attention items.
2026-05-30 19:24:27,364 INFO loop_a observation: 1 unresolved attention items.
2026-05-30 19:26:29,888 INFO loop_a observation: 1 unresolved attention items.
2026-05-30 19:28:31,644 INFO loop_a observation: 1 unresolved attention items.
2026-05-30 19:30:32,918 INFO loop_a observation: 1 unresolved attention items.
2026-05-30 19:32:34,092 INFO loop_a: clean (or transient — attention=0, stale_hb_new=0)
2026-05-30 19:34:35,092 INFO loop_a: clean (or transient — attention=0, stale_hb_new=0)
2026-05-30 19:36:36,327 INFO loop_a: clean (or transient — attention=0, stale_hb_new=0)
2026-05-30 19:37:06,572 INFO loop_c: no new messages to tag
2026-05-30 19:38:37,366 INFO loop_a: clean (or transient — attention=0, stale_hb_new=0)
2026-05-30 19:40:14,066 INFO loop_b observation: Memory hygiene: • memory: 6 index entries >200 chars • memory: 20 dead [[backlinks]] • memory: 4 files missing from index
2026-05-30 19:40:39,532 INFO loop_a: clean (or transient — attention=0, stale_hb_new=0)
2026-05-30 19:42:41,730 INFO loop_a: clean (or transient — attention=0, stale_hb_new=0)
2026-05-30 19:44:43,881 INFO loop_a: clean (or transient — attention=0, stale_hb_new=0)
2026-05-30 19:46:44,959 INFO loop_a: clean (or transient — attention=0, stale_hb_new=0)
2026-05-30 19:48:46,009 INFO loop_a: clean (or transient — attention=0, stale_hb_new=0)
2026-05-30 19:50:47,467 INFO loop_a: clean (or transient — attention=0, stale_hb_new=0)
2026-05-30 19:52:49,812 INFO loop_a: clean (or transient — attention=0, stale_hb_new=0)
2026-05-30 19:54:51,983 INFO loop_a: clean (or transient — attention=0, stale_hb_new=0)
2026-05-30 19:56:53,984 INFO loop_a: clean (or transient — attention=0, stale_hb_new=0)
2026-05-30 19:58:54,866 INFO loop_a: clean (or transient — attention=0, stale_hb_new=0)
2026-05-30 20:00:56,147 INFO loop_a: clean (or transient — attention=0, stale_hb_new=0)
2026-05-30 20:02:58,082 INFO loop_a: clean (or transient — attention=1, stale_hb_new=0)
2026-05-30 20:05:00,311 INFO loop_a observation: 1 unresolved attention items.
2026-05-30 20:07:02,804 INFO loop_a observation: 1 unresolved attention items.
2026-05-30 20:09:04,595 INFO loop_a observation: 1 unresolved attention items.
2026-05-30 20:10:15,237 INFO loop_b observation: Memory hygiene: • memory: 6 index entries >200 chars • memory: 20 dead [[backlinks]] • memory: 4 files missing from index
2026-05-30 20:11:05,668 INFO loop_a observation: 1 unresolved attention items.
2026-05-30 20:13:06,749 INFO loop_a observation: 1 unresolved attention items.
2026-05-30 20:15:07,895 INFO loop_a observation: 1 unresolved attention items.
2026-05-30 20:17:09,054 INFO loop_a observation: 1 unresolved attention items.
2026-05-30 20:19:10,333 INFO loop_a observation: 1 unresolved attention items.
2026-05-30 20:21:12,323 INFO loop_a observation: 1 unresolved attention items.
2026-05-30 20:23:13,306 INFO loop_a observation: 1 unresolved attention items.
2026-05-30 20:25:14,201 INFO loop_a observation: 1 unresolved attention items.
2026-05-30 20:27:15,462 INFO loop_a observation: 1 unresolved attention items.
2026-05-30 20:29:16,622 INFO loop_a observation: 1 unresolved attention items.
2026-05-30 20:31:17,579 INFO loop_a observation: 1 unresolved attention items.
2026-05-30 20:33:18,718 INFO loop_a observation: 1 unresolved attention items.
2026-05-30 20:35:19,946 INFO loop_a observation: 1 unresolved attention items.
2026-05-30 20:37:11,117 INFO loop_c: no new messages to tag
2026-05-30 20:37:21,237 INFO loop_a observation: 1 unresolved attention items.
2026-05-30 20:39:22,482 INFO loop_a observation: 1 unresolved attention items.
2026-05-30 20:40:18,029 INFO loop_b observation: Memory hygiene: • memory: 6 index entries >200 chars • memory: 20 dead [[backlinks]] • memory: 4 files missing from index
2026-05-30 20:41:23,537 INFO loop_a observation: 1 unresolved attention items.
2026-05-30 20:43:25,482 INFO loop_a observation: 1 unresolved attention items.
2026-05-30 20:45:28,619 INFO loop_a observation: 1 unresolved attention items.
2026-05-30 20:47:29,651 INFO loop_a observation: 1 unresolved attention items.
